category,n_fields,current_mean,competing_mean,difference,current_wins,competing_wins
Identity,2,0.4696504035,0.320303496,0.14934690749999996,2,0
Address,3,0.6592360016666666,0.5625280806666667,0.09670792099999999,3,0
Dates,3,0.6556998556666667,0.5146930653333334,0.14100679033333333,3,0
Line Items,4,0.5365757360000001,0.41062388,0.12595185600000003,4,0
Financial,3,0.7523809526666668,0.6417205853333333,0.1106603673333334,3,0
