image_name,document_type,overall_accuracy,fields_extracted,fields_matched,total_fields,processing_time,prompt_used
image_001.png,receipt,64.28571428571429,13,9,14,22.490339040756226,internvl3_8b_receipt
image_002.png,receipt,50.0,13,7,14,25.044231176376343,internvl3_8b_receipt
image_003.png,bank_statement,42.857142857142854,4,3,7,35.9067063331604,internvl3_8b_bank_statement
image_004.png,receipt,71.42857142857143,13,10,14,18.78719139099121,internvl3_8b_receipt
image_005.png,invoice,42.857142857142854,13,6,14,23.27871584892273,internvl3_8b_invoice
image_006.png,invoice,71.42857142857143,14,10,14,29.005004405975342,internvl3_8b_invoice
image_007.png,invoice,42.857142857142854,11,6,14,24.458794116973877,internvl3_8b_invoice
image_008.png,bank_statement,28.57142857142857,2,2,7,80.15340948104858,internvl3_8b_bank_statement
image_009.png,bank_statement,14.285714285714285,4,1,7,41.90601587295532,internvl3_8b_bank_statement
