image_name,document_type,overall_accuracy,fields_extracted,fields_matched,total_fields,processing_time,prompt_used
image_001.png,receipt,65.71428571428571,14,10,14,6.736299753189087,internvl3_2b_receipt
image_002.png,receipt,84.28571428571429,14,12,14,7.458849191665649,internvl3_2b_receipt
image_003.png,bank_statement,65.71428571428571,7,5,7,10.966062068939209,internvl3_2b_bank_statement
image_004.png,receipt,85.71428571428571,14,13,14,6.429853200912476,internvl3_2b_receipt
image_005.png,invoice,95.71428571428572,14,14,14,7.636101007461548,internvl3_2b_invoice
image_006.png,invoice,97.14285714285714,14,14,14,10.232476949691772,internvl3_2b_invoice
image_007.png,invoice,47.14285714285714,14,7,14,7.780471324920654,internvl3_2b_invoice
image_008.png,bank_statement,37.142857142857146,7,3,7,24.02198815345764,internvl3_2b_bank_statement
image_009.png,bank_statement,14.285714285714285,7,1,7,23.235960245132446,internvl3_2b_bank_statement
