image_name,document_type,overall_accuracy,fields_extracted,fields_matched,total_fields,processing_time,prompt_used
commbank_flat_complex.png,invoice,68.57142857142857,14,10,14,14.447642087936401,internvl3_invoice
commbank_flat_simple.png,invoice,61.42857142857142,14,9,14,7.260078430175781,internvl3_invoice
commbank_statement_001.png,invoice,62.85714285714287,14,9,14,11.047748565673828,internvl3_invoice
image_001.png,invoice,87.14285714285715,14,13,14,6.919070482254028,internvl3_invoice
image_002.png,invoice,67.14285714285714,14,10,14,6.904585838317871,internvl3_invoice
image_004.png,invoice,90.0,14,13,14,6.098698854446411,internvl3_invoice
image_005.png,invoice,81.42857142857143,14,13,14,6.536966800689697,internvl3_invoice
image_006.png,invoice,87.14285714285715,14,13,14,9.159333229064941,internvl3_invoice
image_007.png,invoice,58.57142857142856,14,9,14,5.7188451290130615,internvl3_invoice
