image_name,document_type,overall_accuracy,fields_extracted,fields_matched,total_fields,processing_time,prompt_used
image_001.png,receipt,87.14285714285714,14,13,14,7.6996846199035645,internvl3_8b_receipt
image_002.png,receipt,78.57142857142857,14,12,14,7.783233165740967,internvl3_8b_receipt
image_003.png,bank_statement,68.57142857142857,7,5,7,9.960496425628662,internvl3_8b_bank_statement
image_004.png,receipt,90.0,14,13,14,6.382858753204346,internvl3_8b_receipt
image_005.png,invoice,87.14285714285715,14,13,14,7.379901170730591,internvl3_8b_invoice
image_006.png,invoice,85.71428571428571,14,13,14,8.765453338623047,internvl3_8b_invoice
image_007.png,invoice,72.85714285714285,14,11,14,7.857539653778076,internvl3_8b_invoice
image_008.png,bank_statement,51.42857142857142,7,4,7,22.372820138931274,internvl3_8b_bank_statement
image_009.png,bank_statement,37.142857142857146,7,3,7,11.516878128051758,internvl3_8b_bank_statement
