image_name,document_type,overall_accuracy,fields_extracted,fields_matched,total_fields,processing_time,prompt_used
image_001.png,receipt,50.0,12,7,14,6.336604833602905,internvl3_2b_receipt
image_002.png,receipt,78.57142857142857,13,11,14,6.527537822723389,internvl3_2b_receipt
image_003.png,bank_statement,42.857142857142854,7,3,7,9.821998834609985,internvl3_2b_bank_statement
image_004.png,receipt,57.14285714285714,13,8,14,5.575571775436401,internvl3_2b_receipt
image_005.png,invoice,78.57142857142857,14,11,14,6.860666275024414,internvl3_2b_invoice
image_006.png,invoice,85.71428571428571,14,12,14,8.692643880844116,internvl3_2b_invoice
image_007.png,invoice,35.714285714285715,11,5,14,6.8597235679626465,internvl3_2b_invoice
image_008.png,bank_statement,14.285714285714285,3,1,7,20.89778709411621,internvl3_2b_bank_statement
image_009.png,bank_statement,14.285714285714285,3,1,7,21.152597904205322,internvl3_2b_bank_statement
