image_name,document_type,overall_accuracy,fields_extracted,fields_matched,total_fields,processing_time,prompt_used
image_001.png,receipt,81.42857142857143,14,12,14,20.463027715682983,internvl3_receipt
image_002.png,receipt,84.28571428571428,14,13,14,19.486876487731934,internvl3_receipt
image_003.png,bank_statement,65.71428571428571,7,5,7,31.136116981506348,internvl3_bank_statement
image_004.png,receipt,97.14285714285715,14,14,14,17.110150575637817,internvl3_receipt
image_005.png,invoice,90.00000000000001,14,14,14,22.621405601501465,internvl3_invoice
image_006.png,invoice,87.14285714285715,14,13,14,27.455275535583496,internvl3_invoice
image_007.png,invoice,64.28571428571429,14,10,14,22.227503776550293,internvl3_invoice
image_008.png,bank_statement,0.0,7,0,7,58.1230902671814,internvl3_bank_statement
image_009.png,bank_statement,14.285714285714285,7,1,7,58.23701238632202,internvl3_bank_statement
