image_name,document_type,overall_accuracy,fields_extracted,fields_matched,total_fields,processing_time,prompt_used
image_001.png,receipt,65.71428571428571,14,10,14,6.2395079135894775,internvl3_2b_receipt
image_002.png,receipt,84.28571428571429,14,12,14,7.496410846710205,internvl3_2b_receipt
image_003.png,bank_statement,91.42857142857143,7,7,7,11.177404165267944,internvl3_2b_bank_statement
image_004.png,receipt,85.71428571428571,14,13,14,6.660207033157349,internvl3_2b_receipt
image_005.png,invoice,95.71428571428572,14,14,14,7.7768638134002686,internvl3_2b_invoice
image_006.png,invoice,97.14285714285714,14,14,14,9.678226947784424,internvl3_2b_invoice
image_007.png,invoice,47.14285714285714,14,7,14,7.187054395675659,internvl3_2b_invoice
image_008.png,bank_statement,60.0,7,5,7,22.166388750076294,internvl3_2b_bank_statement
image_009.png,bank_statement,51.42857142857142,7,4,7,21.975375413894653,internvl3_2b_bank_statement
