image_name,document_type,overall_accuracy,fields_extracted,fields_matched,total_fields,processing_time,prompt_used
image_001.png,receipt,81.42857142857143,14,12,14,21.379159450531006,internvl3_receipt
image_002.png,receipt,84.28571428571428,14,13,14,19.461884021759033,internvl3_receipt
image_003.png,bank_statement,62.85714285714287,7,5,7,33.01835894584656,internvl3_bank_statement
image_004.png,receipt,97.14285714285715,14,14,14,17.645684480667114,internvl3_receipt
image_005.png,invoice,90.00000000000001,14,14,14,22.587646961212158,internvl3_invoice
image_006.png,invoice,87.14285714285715,14,13,14,27.93976593017578,internvl3_invoice
image_007.png,invoice,64.28571428571429,14,10,14,22.5551438331604,internvl3_invoice
image_008.png,bank_statement,0.0,7,0,7,61.24877119064331,internvl3_bank_statement
image_009.png,bank_statement,11.428571428571429,7,1,7,61.87976813316345,internvl3_bank_statement
