image_name,document_type,overall_accuracy,fields_extracted,fields_matched,total_fields,processing_time,prompt_used
image_001.png,receipt,78.57142857142857,14,12,14,21.73635506629944,internvl3_8b_receipt
image_002.png,receipt,67.14285714285714,14,10,14,23.45620822906494,internvl3_8b_receipt
image_003.png,bank_statement,54.285714285714285,7,4,7,34.63102841377258,internvl3_8b_bank_statement
image_004.png,receipt,81.42857142857143,14,12,14,18.11715793609619,internvl3_8b_receipt
image_005.png,invoice,82.85714285714285,14,13,14,21.965288639068604,internvl3_8b_invoice
image_006.png,invoice,94.28571428571429,14,14,14,28.03818917274475,internvl3_8b_invoice
image_007.png,invoice,65.71428571428571,14,10,14,23.2567937374115,internvl3_8b_invoice
image_008.png,bank_statement,28.57142857142857,7,2,7,78.54018378257751,internvl3_8b_bank_statement
image_009.png,bank_statement,51.42857142857142,7,4,7,40.451495885849,internvl3_8b_bank_statement
