image_name,document_type,overall_accuracy,fields_extracted,fields_matched,total_fields,processing_time,prompt_used
image_001.png,receipt,50.0,12,7,14,6.458985328674316,internvl3_2b_receipt
image_002.png,receipt,78.57142857142857,13,11,14,7.1618475914001465,internvl3_2b_receipt
image_003.png,bank_statement,42.857142857142854,7,3,7,11.190681457519531,internvl3_2b_bank_statement
image_004.png,receipt,57.14285714285714,13,8,14,6.117105722427368,internvl3_2b_receipt
image_005.png,invoice,78.57142857142857,14,11,14,7.498048543930054,internvl3_2b_invoice
image_006.png,invoice,85.71428571428571,14,12,14,9.487314224243164,internvl3_2b_invoice
image_007.png,invoice,35.714285714285715,11,5,14,7.522123098373413,internvl3_2b_invoice
image_008.png,bank_statement,14.285714285714285,3,1,7,23.05001735687256,internvl3_2b_bank_statement
image_009.png,bank_statement,14.285714285714285,3,1,7,23.941072940826416,internvl3_2b_bank_statement
