image_name,document_type,overall_accuracy,fields_extracted,fields_matched,total_fields,processing_time,prompt_used
image_001.png,receipt,87.14285714285714,14,13,14,19.373034477233887,internvl3_receipt
image_002.png,receipt,84.28571428571428,14,13,14,22.61616086959839,internvl3_receipt
image_003.png,bank_statement,54.285714285714285,7,4,7,32.65146732330322,internvl3_bank_statement
image_004.png,receipt,88.57142857142858,14,13,14,16.122880220413208,internvl3_receipt
image_005.png,invoice,82.85714285714285,14,13,14,20.05750846862793,internvl3_invoice
image_006.png,invoice,94.28571428571429,14,14,14,26.248387336730957,internvl3_invoice
image_007.png,invoice,65.71428571428571,14,10,14,21.509739875793457,internvl3_invoice
image_008.png,bank_statement,28.57142857142857,7,2,7,56.12555384635925,internvl3_bank_statement
image_009.png,bank_statement,51.42857142857142,7,4,7,38.69821858406067,internvl3_bank_statement
