image_file,image_name,document_type,processing_time,field_count,found_fields,field_coverage,prompt_used,timestamp,overall_accuracy,fields_extracted,fields_matched,total_fields,inference_only,data_provenance,DOCUMENT_TYPE,BUSINESS_ABN,SUPPLIER_NAME,BUSINESS_ADDRESS,PAYER_NAME,PAYER_ADDRESS,INVOICE_DATE,LINE_ITEM_DESCRIPTIONS,LINE_ITEM_QUANTITIES,LINE_ITEM_PRICES,LINE_ITEM_TOTAL_PRICES,IS_GST_INCLUDED,GST_AMOUNT,TOTAL_AMOUNT,STATEMENT_DATE_RANGE,TRANSACTION_DATES,TRANSACTION_AMOUNTS_PAID
CASE001_cba_standard.png,CASE001_cba_standard.png,bank_statement,38.007989,6,6,35.294118,MODEL3_synthetic_demo_prompt,2026-07-28T15:00:00,50.0,6,3,17,False,SYNTHETIC_DEMO_DATA_NOT_REAL_MEASUREMENTS,BANK_STATEMEN,NOT_FOUND,Commonwealth Bank,NOT_FOUND,Robin Wood,NOT_FOUND,NOT_FOUND,NOT_FOUND,NOT_FOUND,NOT_FOUND,NOT_FOUND,NOT_FOUND,NOT_FOUND,NOT_FOUND,01/07/2024 - 29/07/2024,01/07/2024|01/07/2024|02/07/2024|02/07/2024|NOT_FOUND|03/07/2024|05/07/2024|05/07/2024|07/07/2024|07/07/2024|07/07/2024|08/07/2024|08/07/2024|08/07/2024|NOT_FOUND|09/07/2024|12/07/2024|11/07/2024|15/07/2024|16/07/2024|17/07/2024|17/07/2024|18/07/2024|18/07/2024|18/07/2024|20/07/2024|20/07/2024|21/07/2024|23/07/2024|23/07/2024|NOT_FOUND|01/07/2024|29/07/2024|NOT_FOUND,219.04|123.04|NOT_FOUND|NOT_FOUND|152.28|43.56|351.56|308.47|NOT_FOUND|13.60|8831.70|NOT_FOUND|544.15|NOT_FOUND|353.68|259.27|NOT_FOUND|41.09|NOT_FOUND|1.10|NOT_FOUND|258.06|NOT_FOUND|177.43|154.46|245.80|3.96|570.52|NOT_FOUND|198.63|2052.20|320.56|NOT_FOUND|552.53|NOT_FOUND
CASE002_anz_modern.png,CASE002_anz_modern.png,bank_statement,24.721448,6,4,35.294118,MODEL3_synthetic_demo_prompt,2026-07-28T15:01:00,16.666667,6,1,17,False,SYNTHETIC_DEMO_DATA_NOT_REAL_MEASUREMENTS,BANK_STATEMEN,NOT_FOUND,NOT_FOUND,NOT_FOUND,Juan Taylor,NOT_FOUND,NOT_FOUND,NOT_FOUND,NOT_FOUND,NOT_FOUND,NOT_FOUND,NOT_FOUND,NOT_FOUND,NOT_FOUND,NOT_FOUND,01/08/2023|01/08/2023|02/08/2023|02/08/2023|02/08/2023|03/08/2023|05/08/2023|07/08/2023|08/08/2023|08/08/2023|NOT_FOUND|NOT_FOUND|09/08/2023|12/08/2023|13/08/2023|14/08/2023|17/08/2023|17/08/2023|18/08/2023|21/08/2023|NOT_FOUND|21/08/2023|24/08/2023|25/08/2023|25/08/2023|25/08/2023|26/08/2023|27/08/2023|27/08/2023|29/08/2023|29/08/2023|31/08/2023|31/08/2023|31/08/2023|31/08/2023,73.78|70.12|17.46|113.92|174.57|219.35|4181.50|190.91|173.13|NOT_FOUND|NOT_FOUND|367.73|345.49|335.68|52.00|497.71|416.32|2.53|4053.80|NOT_FOUND|NOT_FOUND|2684.90|33.58|42.62|4383.70|NOT_FOUND|3312.98|NOT_FOUND|NOT_FOUND|NOT_FOUND|572.94|587.22
CASE003_nab_classic.png,CASE003_nab_classic.png,bank_statement,27.842236,6,5,35.294118,MODEL3_synthetic_demo_prompt,2026-07-28T15:02:00,33.333333,6,2,17,False,SYNTHETIC_DEMO_DATA_NOT_REAL_MEASUREMENTS,BANK_STATEMENT,NOT_FOUND,National Australia,NOT_FOUND,NOT_FOUND,NOT_FOUND,NOT_FOUND,NOT_FOUND,NOT_FOUND,NOT_FOUND,NOT_FOUND,NOT_FOUND,NOT_FOUND,NOT_FOUND,01/03/2024 - 30/03/2024,02/03/2024|02/03/2024|02/03/2024|04/03/2024|06/03/2024|05/03/2024|05/03/2024|06/03/2024|06/03/2024|06/03/2024|09/03/2024|08/03/2024|NOT_FOUND|NOT_FOUND|13/03/2024|15/03/2024|15/03/2024|15/03/2024|15/03/2024|16/03/2024|17/03/2024|20/03/2024|NOT_FOUND|20/03/2024|22/03/2024|22/03/2024|22/03/2024|26/03/2024|26/03/2024|28/03/2024|29/03/2024|30/03/2024,567.69|NOT_FOUND|189.13|139.21|351.95|32.32|24641.36|NOT_FOUND|1660.30|78.84|228.90|NOT_FOUND|355.97|NOT_FOUND|360.26|45.89|368.90|116.71|367.20|245.25|63.82|4053.10|NOT_FOUND|486.26|NOT_FOUND|231.95|455.12|455.42|36.80|203.59|52.52|NOT_FOUND
CASE004_anz_standard.png,CASE004_anz_standard.png,bank_statement,35.282857,6,6,35.294118,MODEL3_synthetic_demo_prompt,2026-07-28T15:03:00,33.333333,6,2,17,False,SYNTHETIC_DEMO_DATA_NOT_REAL_MEASUREMENTS,BANK_STATEMENT,NOT_FOUND,ANZ,NOT_FOUND,Tanner,NOT_FOUND,NOT_FOUND,NOT_FOUND,NOT_FOUND,NOT_FOUND,NOT_FOUND,NOT_FOUND,NOT_FOUND,NOT_FOUND,03/02/2024 -,03/02/2024|04/02/2024|07/02/2024|08/02/2024|08/02/2024|10/02/2024|12/02/2024|11/02/2024|12/02/2024|13/02/2024|14/02/2024|14/02/2024|14/02/2024|15/02/2024|18/02/2024|18/02/2024|19/02/2024|20/02/2024|NOT_FOUND|NOT_FOUND|24/02/2024|26/02/2024|27/02/2024|01/02/2024|28/02/2024,283.73|286.66|4.36|NOT_FOUND|NOT_FOUND|229.98|86.08|NOT_FOUND|143.66|527.07|252.41|NOT_FOUND|NOT_FOUND|NOT_FOUND|9.69|306.18|476.91|544.46|2355.90|150.21|382.85|4019.80|525.27|465.19
CASE005_westpac_premium.png,CASE005_westpac_premium.png,bank_statement,26.974517,6,5,35.294118,MODEL3_synthetic_demo_prompt,2026-07-28T15:04:00,16.666667,6,1,17,False,SYNTHETIC_DEMO_DATA_NOT_REAL_MEASUREMENTS,BANK_STATEMEN,NOT_FOUND,Westpac,NOT_FOUND,NOT_FOUND,NOT_FOUND,NOT_FOUND,NOT_FOUND,NOT_FOUND,NOT_FOUND,NOT_FOUND,NOT_FOUND,NOT_FOUND,NOT_FOUND,02/11/2024 -,02/11/2024|02/11/2024|02/11/2024|NOT_FOUND|02/11/2024|03/11/2024|05/11/2024|06/11/2024|08/11/2024|07/11/2024|07/11/2024|09/11/2024|11/11/2024|11/11/2024|NOT_FOUND|12/11/2024|12/11/2024|12/11/2024|13/11/2024|15/11/2024|16/11/2024|17/11/2024|17/11/2024|18/11/2024|21/11/2024|21/11/2024|22/11/2024|NOT_FOUND|25/11/2024|26/11/2024|25/11/2024|26/11/2024|26/11/2024|NOT_FOUND|28/11/2024|28/11/2024|29/11/2024|30/11/2024,226.73|183.32|NOT_FOUND|22.44|NOT_FOUND|460.22|315.47|NOT_FOUND|NOT_FOUND|142.30|NOT_FOUND|839.40|NOT_FOUND|57.92|NOT_FOUND|666.71|NOT_FOUND|567.78|NOT_FOUND|3541.70|439.23|53.38|455.43|279.62|498.69|110.60|195.08|132.33|240.93|56.55|573.64|616.53|157.47|39.68|250.08|NOT_FOUND
CASE006_nab_dense.png,CASE006_nab_dense.png,bank_statement,29.461609,6,6,35.294118,MODEL3_synthetic_demo_prompt,2026-07-28T15:05:00,33.333333,6,2,17,False,SYNTHETIC_DEMO_DATA_NOT_REAL_MEASUREMENTS,BANK_STATEMEN,NOT_FOUND,National Australia,NOT_FOUND,Karen Garcia,NOT_FOUND,NOT_FOUND,NOT_FOUND,NOT_FOUND,NOT_FOUND,NOT_FOUND,NOT_FOUND,NOT_FOUND,NOT_FOUND,01/09/2023 - 30/09/2023,02/09/2023|03/09/2023|06/09/2023|10/09/2023|11/09/2023|NOT_FOUND|15/09/2023|16/09/2023|18/09/2023|19/09/2023|20/09/2023|24/09/2023|NOT_FOUND|27/09/2023|27/09/2023|27/09/2023|28/09/2023|29/09/2023|02/09/2023|30/09/2023|30/09/2023|30/09/2023|30/09/2023|NOT_FOUND,NOT_FOUND|113.54|NOT_FOUND|417.27|255.35|425.22|514.15|87.85|45.00|179.38|1871.60|NOT_FOUND|101.52|4288.50|69.53|307.30|254.00|473.62|1874.30|160.45|407.47|562.92|NOT_FOUND|459.36|16.39
CASE007_cba_date_grouped.png,CASE007_cba_date_grouped.png,bank_statement,23.776181,6,5,35.294118,MODEL3_synthetic_demo_prompt,2026-07-28T15:06:00,16.666667,6,1,17,False,SYNTHETIC_DEMO_DATA_NOT_REAL_MEASUREMENTS,BANK_STATEMEN,NOT_FOUND,NOT_FOUND,NOT_FOUND,Jennifer,NOT_FOUND,NOT_FOUND,NOT_FOUND,NOT_FOUND,NOT_FOUND,NOT_FOUND,NOT_FOUND,NOT_FOUND,NOT_FOUND,01/08/2024 - 31/08/2024,02/08/2024|02/08/2024|02/08/2024|03/08/2024|03/08/2024|03/08/2024|05/08/2024|05/08/2024|05/08/2024|05/08/2024|06/08/2024|06/08/2024|06/08/2024|07/08/2024|08/08/2024|12/08/2024|14/08/2024|15/08/2024|15/08/2024|16/08/2024|17/08/2024|17/08/2024|18/08/2024|21/08/2024|23/08/2024|23/08/2024|24/08/2024|26/08/2024|26/08/2024|26/08/2024|28/08/2024|NOT_FOUND|28/08/2024|29/08/2024|03/08/2024|31/08/2024|04/08/2024,551.65|280.81|NOT_FOUND|NOT_FOUND|NOT_FOUND|377.01|232.49|449.82|384.13|6.06|446.40|NOT_FOUND|519.59|186.85|NOT_FOUND|NOT_FOUND|580.98|359.41|4931.90|431.99|31.69|NOT_FOUND|140.98|NOT_FOUND|511.02|575.49|370.67|406.54|12581.82|180.41|NOT_FOUND|343.58|13.89|133.83|NOT_FOUND
CASE008_westpac_standard.png,CASE008_westpac_standard.png,bank_statement,27.249786,6,5,35.294118,MODEL3_synthetic_demo_prompt,2026-07-28T15:07:00,33.333333,6,2,17,False,SYNTHETIC_DEMO_DATA_NOT_REAL_MEASUREMENTS,BANK_STATEMENT,NOT_FOUND,NOT_FOUND,NOT_FOUND,Norma Cross,NOT_FOUND,NOT_FOUND,NOT_FOUND,NOT_FOUND,NOT_FOUND,NOT_FOUND,NOT_FOUND,NOT_FOUND,NOT_FOUND,02/10/2024 -,03/10/2024|04/10/2024|05/10/2024|05/10/2024|05/10/2024|05/10/2024|09/10/2024|10/10/2024|09/10/2024|NOT_FOUND|11/10/2024|13/10/2024|14/10/2024|14/10/2024|17/10/2024|19/10/2024|21/10/2024|22/10/2024|23/10/2024|23/10/2024|25/10/2024|26/10/2024|27/10/2024|01/10/2024|NOT_FOUND|28/10/2024|29/10/2024|03/10/2024|NOT_FOUND|31/10/2024,NOT_FOUND|NOT_FOUND|NOT_FOUND|344.02|297.40|173.50|467.70|492.09|NOT_FOUND|517.38|156.19|45692.90|3154.70|204.73|152.24|225.59|554.32|NOT_FOUND|202.78|302.88|207.66|226.94|37.13|255.59|141.68|NOT_FOUND|598.69|571.08|58.38|584.99
CASE009_nab_dense.png,CASE009_nab_dense.png,bank_statement,35.521824,6,6,35.294118,MODEL3_synthetic_demo_prompt,2026-07-28T15:08:00,16.666667,6,1,17,False,SYNTHETIC_DEMO_DATA_NOT_REAL_MEASUREMENTS,BANK_STATEMEN,NOT_FOUND,National Australia Bank,NOT_FOUND,John,NOT_FOUND,NOT_FOUND,NOT_FOUND,NOT_FOUND,NOT_FOUND,NOT_FOUND,NOT_FOUND,NOT_FOUND,NOT_FOUND,03/05/2023 -,04/05/2023|04/05/2023|05/05/2023|04/05/2023|06/05/2023|07/05/2023|08/05/2023|09/05/2023|09/05/2023|10/05/2023|NOT_FOUND|11/05/2023|11/05/2023|12/05/2023|14/05/2023|14/05/2023|16/05/2023|16/05/2023|15/05/2023|15/05/2023|16/05/2023|18/05/2023|18/05/2023|19/05/2023|23/05/2023|24/05/2023|26/05/2023|25/05/2023|25/05/2023|27/05/2023|27/05/2023|30/05/2023|31/05/2023|31/05/2023,63.82|338.01|87.12|NOT_FOUND|531.22|2359.80|212.98|487.11|3248.80|149.57|329.85|391.71|NOT_FOUND|141.71|511.95|NOT_FOUND|237.70|475.35|164.07|4256.60|2.78|421.35|118.36|100.62|132.10|63.77|1654.10|NOT_FOUND|NOT_FOUND|3.52|238.98|NOT_FOUND|529.28|NOT_FOUND
CASE010_anz_standard.png,CASE010_anz_standard.png,bank_statement,25.956948,6,5,35.294118,MODEL3_synthetic_demo_prompt,2026-07-28T15:09:00,33.333333,6,2,17,False,SYNTHETIC_DEMO_DATA_NOT_REAL_MEASUREMENTS,NOT_FOUND,NOT_FOUND,ANZ,NOT_FOUND,Gerald Herrera,NOT_FOUND,NOT_FOUND,NOT_FOUND,NOT_FOUND,NOT_FOUND,NOT_FOUND,NOT_FOUND,NOT_FOUND,NOT_FOUND,01/07/2023 -,02/07/2023|02/07/2023|05/07/2023|05/07/2023|08/07/2023|08/07/2023|10/07/2023|09/07/2023|NOT_FOUND|10/07/2023|11/07/2023|11/07/2023|11/07/2023|12/07/2023|16/07/2023|16/07/2023|20/07/2023|22/07/2023|22/07/2023|23/07/2023|24/07/2023|24/07/2023|24/07/2023|24/07/2023|25/07/2023|26/07/2023|27/07/2023|27/07/2023|28/07/2023|01/07/2023|28/07/2023|29/07/2023|30/07/2023,476.98|NOT_FOUND|41.19|21.31|NOT_FOUND|364.67|2808.10|186.10|121.13|598.51|85.49|212.18|372.54|536.28|86.07|20.93|18656.01|NOT_FOUND|231.36|12.11|400.86|302.85|98.00|283.92|51.22|NOT_FOUND|481.94|483.34|NOT_FOUND|462.84|NOT_FOUND
CASE011_westpac_standard.png,CASE011_westpac_standard.png,bank_statement,33.951732,6,4,35.294118,MODEL3_synthetic_demo_prompt,2026-07-28T15:10:00,16.666667,6,1,17,False,SYNTHETIC_DEMO_DATA_NOT_REAL_MEASUREMENTS,NOT_FOUND,NOT_FOUND,Westpa,NOT_FOUND,NOT_FOUND,NOT_FOUND,NOT_FOUND,NOT_FOUND,NOT_FOUND,NOT_FOUND,NOT_FOUND,NOT_FOUND,NOT_FOUND,NOT_FOUND,01/09/2023 - 30/09/2023,02/09/2023|02/09/2023|03/09/2023|NOT_FOUND|06/09/2023|06/09/2023|08/09/2023|08/09/2023|09/09/2023|11/09/2023|14/09/2023|13/09/2023|16/09/2023|16/09/2023|16/09/2023|17/09/2023|17/09/2023|22/09/2023|21/09/2023|25/09/2023|25/09/2023|27/09/2023|28/09/2023|28/09/2023|28/09/2023|03/09/2023,70.56|39.62|432.83|271760.70|NOT_FOUND|120.65|NOT_FOUND|NOT_FOUND|4409.90|NOT_FOUND|NOT_FOUND|407.80|NOT_FOUND|130.36|150.18|579.84|44.57|428.72|53.00|1.66|64.25|NOT_FOUND|235.01|532.03|1.43|450.67
CASE012_cba_standard.png,CASE012_cba_standard.png,bank_statement,34.47544,6,6,35.294118,MODEL3_synthetic_demo_prompt,2026-07-28T15:11:00,66.666667,6,4,17,False,SYNTHETIC_DEMO_DATA_NOT_REAL_MEASUREMENTS,BANK_STATEMENT,NOT_FOUND,Commonwealth Bank,NOT_FOUND,Jason Foster,NOT_FOUND,NOT_FOUND,NOT_FOUND,NOT_FOUND,NOT_FOUND,NOT_FOUND,NOT_FOUND,NOT_FOUND,NOT_FOUND,01/08/2023 - 30/08/2023,01/08/2023|01/08/2023|03/08/2023|02/08/2023|02/08/2023|03/08/2023|03/08/2023|03/08/2023|NOT_FOUND|05/08/2023|08/08/2023|NOT_FOUND|09/08/2023|11/08/2023|13/08/2023|13/08/2023|15/08/2023|15/08/2023|14/08/2023|15/08/2023|18/08/2023|18/08/2023|NOT_FOUND|21/08/2023|22/08/2023|22/08/2023|NOT_FOUND|24/08/2023|26/08/2023|26/08/2023|27/08/2023|03/08/2023,289.65|185.85|NOT_FOUND|NOT_FOUND|NOT_FOUND|406.06|419.14|430.20|243.83|442.79|544.72|311.14|NOT_FOUND|51.80|530.12|232.23|492.17|313.58|86.25|488.59|15.38|4601.37|110.63|NOT_FOUND|4137.80|526.15|2610.40|13.23|223.74|253.80|466.77|2463.30|556.26|372.24|178.74
CASE013_westpac_premium.png,CASE013_westpac_premium.png,bank_statement,27.128658,6,6,35.294118,MODEL3_synthetic_demo_prompt,2026-07-28T15:12:00,66.666667,6,4,17,False,SYNTHETIC_DEMO_DATA_NOT_REAL_MEASUREMENTS,BANK_STATEMENT,NOT_FOUND,Westpac,NOT_FOUND,Louis Norris,NOT_FOUND,NOT_FOUND,NOT_FOUND,NOT_FOUND,NOT_FOUND,NOT_FOUND,NOT_FOUND,NOT_FOUND,NOT_FOUND,01/06/2023 - 30/06/2023,01/06/2023|03/06/2023|06/06/2023|07/06/2023|10/06/2023|10/06/2023|12/06/2023|13/06/2023|13/06/2023|18/06/2023|NOT_FOUND|NOT_FOUND|18/06/2023|18/06/2023|19/06/2023|19/06/2023|22/06/2023|23/06/2023|24/06/2023|25/06/2023|27/06/2023|03/06/2023|03/06/2023,NOT_FOUND|326.03|291.17|132.00|372.16|117.89|564.40|18.67|168.95|NOT_FOUND|NOT_FOUND|8.71|NOT_FOUND|258.70|45.42|NOT_FOUND|201.80|258.87|472.08|118.49|70.78|164.85|320.78|333.64|1927.00
CASE014_anz_modern.png,CASE014_anz_modern.png,bank_statement,35.794395,6,5,35.294118,MODEL3_synthetic_demo_prompt,2026-07-28T15:13:00,16.666667,6,1,17,False,SYNTHETIC_DEMO_DATA_NOT_REAL_MEASUREMENTS,BANK_STATEMENT,NOT_FOUND,NOT_FOUND,NOT_FOUND,Tiffany,NOT_FOUND,NOT_FOUND,NOT_FOUND,NOT_FOUND,NOT_FOUND,NOT_FOUND,NOT_FOUND,NOT_FOUND,NOT_FOUND,01/09/2024 -,02/09/2024|01/09/2024|01/09/2024|02/09/2024|05/09/2024|05/09/2024|05/09/2024|09/09/2024|10/09/2024|10/09/2024|NOT_FOUND|NOT_FOUND|10/09/2024|12/09/2024|16/09/2024|NOT_FOUND|16/09/2024|17/09/2024|19/09/2024|24/09/2024|25/09/2024|25/09/2024|27/09/2024|28/09/2024,157.44|461.08|NOT_FOUND|119.70|138.14|167.24|643.51|402.94|82.06|201.46|416.16|45.27|344.35|275.14|NOT_FOUND|35.83|NOT_FOUND|557.76|NOT_FOUND|437.85|325.00|342.26|361.50|372.05
CASE015_nab_classic.png,CASE015_nab_classic.png,bank_statement,37.714575,6,6,35.294118,MODEL3_synthetic_demo_prompt,2026-07-28T15:14:00,33.333333,6,2,17,False,SYNTHETIC_DEMO_DATA_NOT_REAL_MEASUREMENTS,BANK_STATEMENT,NOT_FOUND,National Australia Bank,NOT_FOUND,Joshua,NOT_FOUND,NOT_FOUND,NOT_FOUND,NOT_FOUND,NOT_FOUND,NOT_FOUND,NOT_FOUND,NOT_FOUND,NOT_FOUND,03/01/2023 -,03/01/2023|03/01/2023|04/01/2023|NOT_FOUND|05/01/2023|07/01/2023|07/01/2023|NOT_FOUND|10/01/2023|NOT_FOUND|10/01/2023|10/01/2023|11/01/2023|12/01/2023|13/01/2023|17/01/2023|NOT_FOUND|18/01/2023|20/01/2023|19/01/2023|NOT_FOUND|19/01/2023|20/01/2023|22/01/2023|23/01/2023|23/01/2023|24/01/2023|25/01/2023|27/01/2023|27/01/2023|27/01/2023|27/01/2023|02/01/2023|29/01/2023|03/01/2023|30/01/2023,NOT_FOUND|34.30|63.15|66.22|341.09|NOT_FOUND|651.98|NOT_FOUND|NOT_FOUND|35.65|401.16|NOT_FOUND|155.96|NOT_FOUND|143.09|256.23|37731.83|197.32|NOT_FOUND|367.31|NOT_FOUND|556.01|NOT_FOUND|NOT_FOUND|243.41|108.23|5307.00|60.33|105.65|7.94|486.40|364.72|957.70|3705.40
CASE016_cba_date_grouped.png,CASE016_cba_date_grouped.png,bank_statement,26.492768,6,4,35.294118,MODEL3_synthetic_demo_prompt,2026-07-28T15:15:00,33.333333,6,2,17,False,SYNTHETIC_DEMO_DATA_NOT_REAL_MEASUREMENTS,NOT_FOUND,NOT_FOUND,NOT_FOUND,NOT_FOUND,Ricky Ramirez,NOT_FOUND,NOT_FOUND,NOT_FOUND,NOT_FOUND,NOT_FOUND,NOT_FOUND,NOT_FOUND,NOT_FOUND,NOT_FOUND,02/12/2024 - 30/12/2024,NOT_FOUND|NOT_FOUND|04/12/2024|03/12/2024|03/12/2024|04/12/2024|NOT_FOUND|05/12/2024|07/12/2024|07/12/2024|09/12/2024|10/12/2024|NOT_FOUND|11/12/2024|NOT_FOUND|12/12/2024|14/12/2024|14/12/2024|NOT_FOUND|16/12/2024|17/12/2024|17/12/2024|18/12/2024|20/12/2024|22/12/2024|23/12/2024|NOT_FOUND|24/12/2024|25/12/2024|25/12/2024|28/12/2024|28/12/2024|29/12/2024|NOT_FOUND|03/12/2024,316.63|24.15|340.65|334.50|205.00|NOT_FOUND|132.87|507.02|170.18|762.20|21.07|131.06|206.64|1.90|NOT_FOUND|236.32|NOT_FOUND|NOT_FOUND|4227.70|509.00|477.53|53.88|4704.78|191.74|533.48|NOT_FOUND|3538.10|NOT_FOUND|337.70|NOT_FOUND|NOT_FOUND|29.74|404.60|2843.10
CASE017_anz_standard.png,CASE017_anz_standard.png,bank_statement,26.5044,6,6,35.294118,MODEL3_synthetic_demo_prompt,2026-07-28T15:16:00,66.666667,6,4,17,False,SYNTHETIC_DEMO_DATA_NOT_REAL_MEASUREMENTS,BANK_STATEMENT,NOT_FOUND,ANZ,NOT_FOUND,Eric Phillips,NOT_FOUND,NOT_FOUND,NOT_FOUND,NOT_FOUND,NOT_FOUND,NOT_FOUND,NOT_FOUND,NOT_FOUND,NOT_FOUND,01/08/2024 - 31/08/2024,01/08/2024|03/08/2024|02/08/2024|03/08/2024|03/08/2024|03/08/2024|04/08/2024|NOT_FOUND|06/08/2024|07/08/2024|10/08/2024|10/08/2024|10/08/2024|10/08/2024|NOT_FOUND|NOT_FOUND|NOT_FOUND|14/08/2024|16/08/2024|16/08/2024|16/08/2024|17/08/2024|19/08/2024|19/08/2024|19/08/2024|NOT_FOUND|21/08/2024|NOT_FOUND|NOT_FOUND|23/08/2024|24/08/2024|25/08/2024|24/08/2024|24/08/2024|27/08/2024|26/08/2024|28/08/2024|31/08/2024,228.16|361.37|NOT_FOUND|290.98|557.06|35693.23|316.77|319.91|56.37|NOT_FOUND|597.62|390.84|51.54|167.20|507.99|57.47|42.06|NOT_FOUND|87.53|NOT_FOUND|28.04|288.02|NOT_FOUND|NOT_FOUND|NOT_FOUND|NOT_FOUND|131.63|371.11|NOT_FOUND|NOT_FOUND|35.56|25.73|NOT_FOUND|115.06|418.40|475.83|256.49
CASE018_nab_classic.png,CASE018_nab_classic.png,bank_statement,29.649926,6,6,35.294118,MODEL3_synthetic_demo_prompt,2026-07-28T15:17:00,33.333333,6,2,17,False,SYNTHETIC_DEMO_DATA_NOT_REAL_MEASUREMENTS,BANK_STATEMENT,NOT_FOUND,National Australia,NOT_FOUND,Katherine Lamb,NOT_FOUND,NOT_FOUND,NOT_FOUND,NOT_FOUND,NOT_FOUND,NOT_FOUND,NOT_FOUND,NOT_FOUND,NOT_FOUND,01/08/2023 -,01/08/2023|03/08/2023|05/08/2023|07/08/2023|08/08/2023|08/08/2023|08/08/2023|10/08/2023|12/08/2023|NOT_FOUND|14/08/2023|14/08/2023|16/08/2023|16/08/2023|17/08/2023|21/08/2023|23/08/2023|23/08/2023|24/08/2023|25/08/2023|26/08/2023|27/08/2023|31/08/2023,525.78|29.30|624.51|392.42|45.44|192.58|263.80|213.68|573.00|NOT_FOUND|200.19|506.73|NOT_FOUND|NOT_FOUND|324.85|585.60|20.98|327.66|NOT_FOUND|9.23|62.18|NOT_FOUND|100.87|300.90|NOT_FOUND
CASE019_nab_dense.png,CASE019_nab_dense.png,bank_statement,34.62686,6,4,35.294118,MODEL3_synthetic_demo_prompt,2026-07-28T15:18:00,33.333333,6,2,17,False,SYNTHETIC_DEMO_DATA_NOT_REAL_MEASUREMENTS,BANK_STATEMENT,NOT_FOUND,NOT_FOUND,NOT_FOUND,NOT_FOUND,NOT_FOUND,NOT_FOUND,NOT_FOUND,NOT_FOUND,NOT_FOUND,NOT_FOUND,NOT_FOUND,NOT_FOUND,NOT_FOUND,02/09/2024 - 28/09/2024,02/09/2024|02/09/2024|03/09/2024|03/09/2024|05/09/2024|06/09/2024|06/09/2024|09/09/2024|NOT_FOUND|10/09/2024|11/09/2024|12/09/2024|13/09/2024|12/09/2024|14/09/2024|15/09/2024|17/09/2024|NOT_FOUND|21/09/2024|NOT_FOUND|24/09/2024|NOT_FOUND,170.16|176.04|509.18|1938.30|85.94|2.11|80.16|119.02|338.69|584.41|NOT_FOUND|284.88|78.28|537.91|NOT_FOUND|209.79|4562.20|NOT_FOUND|46.29|22.47|1172.82|460.77
CASE020_westpac_standard.png,CASE020_westpac_standard.png,bank_statement,37.387349,6,6,35.294118,MODEL3_synthetic_demo_prompt,2026-07-28T15:19:00,33.333333,6,2,17,False,SYNTHETIC_DEMO_DATA_NOT_REAL_MEASUREMENTS,BANK_STATEMENT,NOT_FOUND,Westpa,NOT_FOUND,Emily,NOT_FOUND,NOT_FOUND,NOT_FOUND,NOT_FOUND,NOT_FOUND,NOT_FOUND,NOT_FOUND,NOT_FOUND,NOT_FOUND,03/12/2024 - 30/12/2024,04/12/2024|03/12/2024|04/12/2024|08/12/2024|08/12/2024|08/12/2024|10/12/2024|11/12/2024|11/12/2024|13/12/2024|12/12/2024|12/12/2024|15/12/2024|14/12/2024|19/12/2024|21/12/2024|21/12/2024|22/12/2024|23/12/2024|25/12/2024|25/12/2024|28/12/2024|28/12/2024|NOT_FOUND|03/12/2024,208.22|505.82|433.45|479.43|158.25|168.08|4504.00|167.49|480.26|NOT_FOUND|517.15|244.17|NOT_FOUND|519.11|528.87|NOT_FOUND|185.48|NOT_FOUND|77.42|NOT_FOUND|381.79|10.31|112.35
CASE021_cba_standard.png,CASE021_cba_standard.png,bank_statement,30.916083,6,6,35.294118,MODEL3_synthetic_demo_prompt,2026-07-28T15:20:00,50.0,6,3,17,False,SYNTHETIC_DEMO_DATA_NOT_REAL_MEASUREMENTS,BANK_STATEMEN,NOT_FOUND,Commonwealth Bank,NOT_FOUND,Devin Palmer,NOT_FOUND,NOT_FOUND,NOT_FOUND,NOT_FOUND,NOT_FOUND,NOT_FOUND,NOT_FOUND,NOT_FOUND,NOT_FOUND,01/06/2024 - 30/06/2024,NOT_FOUND|01/06/2024|01/06/2024|03/06/2024|03/06/2024|NOT_FOUND|05/06/2024|05/06/2024|07/06/2024|08/06/2024|08/06/2024|10/06/2024|09/06/2024|13/06/2024|13/06/2024|15/06/2024|15/06/2024|18/06/2024|18/06/2024|NOT_FOUND|19/06/2024|20/06/2024|20/06/2024|21/06/2024|21/06/2024|23/06/2024|24/06/2024|25/06/2024|27/06/2024|28/06/2024|02/06/2024|29/06/2024|30/06/2024|30/06/2024,NOT_FOUND|256.82|60.59|NOT_FOUND|375.60|NOT_FOUND|31.50|13896.41|NOT_FOUND|130.20|462.44|242.56|27.79|NOT_FOUND|126.53|NOT_FOUND|NOT_FOUND|632.30|584.23|97.68|312.91|46.35|392.10|281.50|83.80|393.35|118.80|40.04|NOT_FOUND|98.98|536.80|1051.90|87.38|459.26|189.15|486.02
CASE022_westpac_premium.png,CASE022_westpac_premium.png,bank_statement,24.208978,6,5,35.294118,MODEL3_synthetic_demo_prompt,2026-07-28T15:21:00,16.666667,6,1,17,False,SYNTHETIC_DEMO_DATA_NOT_REAL_MEASUREMENTS,BANK_STATEMEN,NOT_FOUND,Westpa,NOT_FOUND,Michael Smith,NOT_FOUND,NOT_FOUND,NOT_FOUND,NOT_FOUND,NOT_FOUND,NOT_FOUND,NOT_FOUND,NOT_FOUND,NOT_FOUND,NOT_FOUND,02/02/2024|04/02/2024|NOT_FOUND|04/02/2024|05/02/2024|05/02/2024|09/02/2024|10/02/2024|10/02/2024|11/02/2024|12/02/2024|15/02/2024|16/02/2024|16/02/2024|17/02/2024|NOT_FOUND|18/02/2024|NOT_FOUND|20/02/2024|21/02/2024|22/02/2024|24/02/2024|NOT_FOUND|26/02/2024|25/02/2024|26/02/2024|27/02/2024|27/02/2024|NOT_FOUND|28/02/2024,NOT_FOUND|NOT_FOUND|483.04|5667.50|542.48|14.66|463.66|NOT_FOUND|23.82|3452.79|NOT_FOUND|485.18|NOT_FOUND|64.43|469.51|109.02|NOT_FOUND|553.80|22.92|NOT_FOUND|NOT_FOUND|502.33|NOT_FOUND|444.19|38.99|116.05|299.97|NOT_FOUND|NOT_FOUND|NOT_FOUND|260.90|549.10
CASE023_anz_modern.png,CASE023_anz_modern.png,bank_statement,24.44001,6,5,35.294118,MODEL3_synthetic_demo_prompt,2026-07-28T15:22:00,50.0,6,3,17,False,SYNTHETIC_DEMO_DATA_NOT_REAL_MEASUREMENTS,BANK_STATEMENT,NOT_FOUND,NOT_FOUND,NOT_FOUND,Andrew Richardson,NOT_FOUND,NOT_FOUND,NOT_FOUND,NOT_FOUND,NOT_FOUND,NOT_FOUND,NOT_FOUND,NOT_FOUND,NOT_FOUND,01/09/2024 - 30/09/2024,01/09/2024|01/09/2024|NOT_FOUND|02/09/2024|06/09/2024|07/09/2024|09/09/2024|NOT_FOUND|12/09/2024|13/09/2024|NOT_FOUND|14/09/2024|15/09/2024|15/09/2024|16/09/2024|18/09/2024|NOT_FOUND|19/09/2024|20/09/2024|21/09/2024|21/09/2024|25/09/2024|27/09/2024|27/09/2024|27/09/2024|30/09/2024|30/09/2024|30/09/2024,528.18|211.56|253.77|NOT_FOUND|NOT_FOUND|NOT_FOUND|450.12|NOT_FOUND|171.68|356.53|226.06|575.09|NOT_FOUND|316.61|584.97|277.51|356.81|161.21|NOT_FOUND|586.14|512.69|153.40|NOT_FOUND|131.14|124.70|256.92|NOT_FOUND|NOT_FOUND|514.12|1334.50
CASE024_cba_date_grouped.png,CASE024_cba_date_grouped.png,bank_statement,26.414265,6,5,35.294118,MODEL3_synthetic_demo_prompt,2026-07-28T15:23:00,33.333333,6,2,17,False,SYNTHETIC_DEMO_DATA_NOT_REAL_MEASUREMENTS,BANK_STATEMENT,NOT_FOUND,NOT_FOUND,NOT_FOUND,Katherine Murray,NOT_FOUND,NOT_FOUND,NOT_FOUND,NOT_FOUND,NOT_FOUND,NOT_FOUND,NOT_FOUND,NOT_FOUND,NOT_FOUND,06/11/2024 -,06/11/2024|06/11/2024|11/11/2024|12/11/2024|13/11/2024|13/11/2024|NOT_FOUND|16/11/2024|16/11/2024|NOT_FOUND|17/11/2024|18/11/2024|18/11/2024|NOT_FOUND|19/11/2024|21/11/2024|22/11/2024|23/11/2024|24/11/2024|23/11/2024|24/11/2024|23/11/2024|NOT_FOUND|26/11/2024|02/11/2024,534.34|NOT_FOUND|33.25|150.30|653.04|NOT_FOUND|NOT_FOUND|NOT_FOUND|345.23|74.10|NOT_FOUND|227.50|448.45|356.62|320.26|NOT_FOUND|NOT_FOUND|42.19|155.92|30.76|157.86|5268.32|4310.10|183.55|114.98|240.46
CASE025_westpac_standard.png,CASE025_westpac_standard.png,bank_statement,33.335865,6,6,35.294118,MODEL3_synthetic_demo_prompt,2026-07-28T15:24:00,16.666667,6,1,17,False,SYNTHETIC_DEMO_DATA_NOT_REAL_MEASUREMENTS,BANK_STATEMEN,NOT_FOUND,Westpac,NOT_FOUND,Victoria,NOT_FOUND,NOT_FOUND,NOT_FOUND,NOT_FOUND,NOT_FOUND,NOT_FOUND,NOT_FOUND,NOT_FOUND,NOT_FOUND,01/02/2023 -,01/02/2023|01/02/2023|02/02/2023|03/02/2023|04/02/2023|04/02/2023|04/02/2023|05/02/2023|06/02/2023|07/02/2023|07/02/2023|07/02/2023|08/02/2023|08/02/2023|11/02/2023|11/02/2023|11/02/2023|11/02/2023|12/02/2023|NOT_FOUND|13/02/2023|14/02/2023|14/02/2023|16/02/2023|17/02/2023|18/02/2023|18/02/2023|NOT_FOUND|NOT_FOUND|22/02/2023|22/02/2023|23/02/2023|24/02/2023|27/02/2023|27/02/2023|27/02/2023|27/02/2023,35.92|NOT_FOUND|587.03|NOT_FOUND|456.77|15.05|452.83|317.67|8.41|26.02|571.10|21.69|190.45|3882.20|4650.50|444.04|164.19|390.19|NOT_FOUND|490.39|67.15|11.51|131.98|3669.57|NOT_FOUND|15.61|59.23|491.94|NOT_FOUND|525.33|NOT_FOUND|NOT_FOUND|NOT_FOUND|547.00|75.72
CASE026_westpac_premium.png,CASE026_westpac_premium.png,bank_statement,32.942688,6,5,35.294118,MODEL3_synthetic_demo_prompt,2026-07-28T15:25:00,33.333333,6,2,17,False,SYNTHETIC_DEMO_DATA_NOT_REAL_MEASUREMENTS,NOT_FOUND,NOT_FOUND,Westpac,NOT_FOUND,Christopher,NOT_FOUND,NOT_FOUND,NOT_FOUND,NOT_FOUND,NOT_FOUND,NOT_FOUND,NOT_FOUND,NOT_FOUND,NOT_FOUND,01/12/2023 - 31/12/2023,01/12/2023|02/12/2023|05/12/2023|05/12/2023|07/12/2023|08/12/2023|10/12/2023|11/12/2023|11/12/2023|12/12/2023|13/12/2023|13/12/2023|14/12/2023|15/12/2023|17/12/2023|19/12/2023|19/12/2023|19/12/2023|23/12/2023|22/12/2023|25/12/2023|25/12/2023|26/12/2023|28/12/2023|28/12/2023|30/12/2023|31/12/2023,304.90|657.95|498.45|590.79|52.38|175.36|NOT_FOUND|570.73|393.56|NOT_FOUND|NOT_FOUND|17.15|68.67|172.35|47.72|51.24|156.52|311.25|35.91|431.52|55.74|320.62|NOT_FOUND|320.49|NOT_FOUND|481.10
CASE027_cba_date_grouped.png,CASE027_cba_date_grouped.png,bank_statement,25.401342,6,5,35.294118,MODEL3_synthetic_demo_prompt,2026-07-28T15:26:00,0.0,6,0,17,False,SYNTHETIC_DEMO_DATA_NOT_REAL_MEASUREMENTS,BANK_STATEMEN,NOT_FOUND,Commonwealth,NOT_FOUND,NOT_FOUND,NOT_FOUND,NOT_FOUND,NOT_FOUND,NOT_FOUND,NOT_FOUND,NOT_FOUND,NOT_FOUND,NOT_FOUND,NOT_FOUND,01/05/2024 -,NOT_FOUND|NOT_FOUND|03/05/2024|04/05/2024|03/05/2024|03/05/2024|06/05/2024|NOT_FOUND|09/05/2024|10/05/2024|10/05/2024|11/05/2024|11/05/2024|12/05/2024|NOT_FOUND|NOT_FOUND|17/05/2024|18/05/2024|19/05/2024|20/05/2024|22/05/2024|21/05/2024|23/05/2024|24/05/2024|24/05/2024|25/05/2024|26/05/2024|27/05/2024|28/05/2024|28/05/2024|02/05/2024|30/05/2024|30/05/2024|04/05/2024|04/05/2024|04/05/2024|04/05/2024,182.00|41.36|259.41|186.52|NOT_FOUND|NOT_FOUND|450.78|104.58|201.68|176.51|NOT_FOUND|12.04|121.31|292.73|198.71|546.00|454.25|12934.69|393.65|NOT_FOUND|435.25|602.14|478.69|246.50|NOT_FOUND|324.80|357.95|540.02|327.06|NOT_FOUND|NOT_FOUND|192.99|NOT_FOUND|NOT_FOUND|1293.70|418.30
CASE028_nab_dense.png,CASE028_nab_dense.png,bank_statement,35.316408,6,5,35.294118,MODEL3_synthetic_demo_prompt,2026-07-28T15:27:00,16.666667,6,1,17,False,SYNTHETIC_DEMO_DATA_NOT_REAL_MEASUREMENTS,NOT_FOUND,NOT_FOUND,National Australia,NOT_FOUND,Jon,NOT_FOUND,NOT_FOUND,NOT_FOUND,NOT_FOUND,NOT_FOUND,NOT_FOUND,NOT_FOUND,NOT_FOUND,NOT_FOUND,01/01/2023 - 30/01/2023,NOT_FOUND|01/01/2023|04/01/2023|04/01/2023|05/01/2023|05/01/2023|09/01/2023|08/01/2023|08/01/2023|08/01/2023|10/01/2023|10/01/2023|13/01/2023|13/01/2023|13/01/2023|14/01/2023|14/01/2023|17/01/2023|21/01/2023|22/01/2023|23/01/2023|27/01/2023|29/01/2023|30/01/2023|03/01/2023,410.87|2119.72|560.40|NOT_FOUND|59.69|91.55|NOT_FOUND|502.80|346.82|442.52|27.81|448.70|45.40|55.23|246.24|NOT_FOUND|26.55|64.99|643.03|356.43|531.80|NOT_FOUND|151.08|NOT_FOUND|350.14
CASE029_anz_standard.png,CASE029_anz_standard.png,bank_statement,29.137277,6,4,35.294118,MODEL3_synthetic_demo_prompt,2026-07-28T15:28:00,0.0,6,0,17,False,SYNTHETIC_DEMO_DATA_NOT_REAL_MEASUREMENTS,BANK_STATEMEN,NOT_FOUND,NOT_FOUND,NOT_FOUND,Kimberly,NOT_FOUND,NOT_FOUND,NOT_FOUND,NOT_FOUND,NOT_FOUND,NOT_FOUND,NOT_FOUND,NOT_FOUND,NOT_FOUND,NOT_FOUND,02/05/2024|03/05/2024|NOT_FOUND|08/05/2024|10/05/2024|12/05/2024|12/05/2024|12/05/2024|12/05/2024|13/05/2024|14/05/2024|14/05/2024|15/05/2024|15/05/2024|16/05/2024|17/05/2024|18/05/2024|19/05/2024|20/05/2024|20/05/2024|22/05/2024|21/05/2024|23/05/2024|23/05/2024|25/05/2024|28/05/2024|28/05/2024|02/05/2024|30/05/2024|30/05/2024,NOT_FOUND|427.98|587.35|22173.73|59.32|118.61|416.41|201.00|NOT_FOUND|3.15|228.45|2178.00|330.23|39.33|30.70|NOT_FOUND|3094.60|NOT_FOUND|373.60|54.35|507.39|15.51|16.81|505.87|386.65|537.82|NOT_FOUND|186.27|NOT_FOUND|NOT_FOUND|127.55|415.36
CASE030_nab_classic.png,CASE030_nab_classic.png,bank_statement,36.514719,6,6,35.294118,MODEL3_synthetic_demo_prompt,2026-07-28T15:29:00,16.666667,6,1,17,False,SYNTHETIC_DEMO_DATA_NOT_REAL_MEASUREMENTS,BANK_STATEMEN,NOT_FOUND,National Australia,NOT_FOUND,Ryan,NOT_FOUND,NOT_FOUND,NOT_FOUND,NOT_FOUND,NOT_FOUND,NOT_FOUND,NOT_FOUND,NOT_FOUND,NOT_FOUND,02/02/2024 - 29/02/2024,03/02/2024|NOT_FOUND|04/02/2024|06/02/2024|07/02/2024|07/02/2024|07/02/2024|09/02/2024|09/02/2024|10/02/2024|11/02/2024|12/02/2024|13/02/2024|15/02/2024|15/02/2024|15/02/2024|15/02/2024|16/02/2024|16/02/2024|17/02/2024|20/02/2024|19/02/2024|NOT_FOUND|20/02/2024|20/02/2024|21/02/2024|25/02/2024|24/02/2024|26/02/2024|27/02/2024|27/02/2024|28/02/2024|29/02/2024,13.61|340.97|126.30|NOT_FOUND|506.57|NOT_FOUND|510.72|NOT_FOUND|NOT_FOUND|385.77|64.16|133.11|414.90|NOT_FOUND|98.87|124.42|391.34|NOT_FOUND|473.58|4460.60|NOT_FOUND|360.46|NOT_FOUND|299.49|428.99|NOT_FOUND|124.37|NOT_FOUND|265.74|318.68|799.04|170.21
CASE031_cba_standard.png,CASE031_cba_standard.png,bank_statement,24.094324,6,4,35.294118,MODEL3_synthetic_demo_prompt,2026-07-28T15:30:00,16.666667,6,1,17,False,SYNTHETIC_DEMO_DATA_NOT_REAL_MEASUREMENTS,BANK_STATEMEN,NOT_FOUND,NOT_FOUND,NOT_FOUND,NOT_FOUND,NOT_FOUND,NOT_FOUND,NOT_FOUND,NOT_FOUND,NOT_FOUND,NOT_FOUND,NOT_FOUND,NOT_FOUND,NOT_FOUND,01/05/2023 - 31/05/2023,01/05/2023|02/05/2023|01/05/2023|02/05/2023|02/05/2023|02/05/2023|03/05/2023|03/05/2023|04/05/2023|05/05/2023|NOT_FOUND|07/05/2023|09/05/2023|09/05/2023|10/05/2023|10/05/2023|10/05/2023|10/05/2023|12/05/2023|13/05/2023|14/05/2023|16/05/2023|NOT_FOUND|17/05/2023|19/05/2023|19/05/2023|22/05/2023|22/05/2023|26/05/2023|26/05/2023|27/05/2023|28/05/2023|29/05/2023|31/05/2023,318.09|112.25|18.76|270.72|574.92|540.95|NOT_FOUND|11.68|5199.50|18.75|366.24|55.64|NOT_FOUND|517.00|1282.10|16.50|NOT_FOUND|NOT_FOUND|NOT_FOUND|72.20|NOT_FOUND|3534.40|572.05|NOT_FOUND|304.24|245.54|163.92|NOT_FOUND|NOT_FOUND|217.56
CASE032_anz_modern.png,CASE032_anz_modern.png,bank_statement,29.284095,6,6,35.294118,MODEL3_synthetic_demo_prompt,2026-07-28T15:31:00,50.0,6,3,17,False,SYNTHETIC_DEMO_DATA_NOT_REAL_MEASUREMENTS,BANK_STATEMENT,NOT_FOUND,ANZ,NOT_FOUND,Jonathan,NOT_FOUND,NOT_FOUND,NOT_FOUND,NOT_FOUND,NOT_FOUND,NOT_FOUND,NOT_FOUND,NOT_FOUND,NOT_FOUND,01/01/2024 - 29/01/2024,02/01/2024|02/01/2024|02/01/2024|02/01/2024|02/01/2024|04/01/2024|03/01/2024|NOT_FOUND|06/01/2024|08/01/2024|08/01/2024|11/01/2024|11/01/2024|12/01/2024|NOT_FOUND|15/01/2024|16/01/2024|18/01/2024|19/01/2024|19/01/2024|19/01/2024|21/01/2024|21/01/2024|25/01/2024|24/01/2024|25/01/2024|26/01/2024|27/01/2024|27/01/2024|29/01/2024|29/01/2024,426.10|NOT_FOUND|54.81|NOT_FOUND|498.04|156.66|546.93|4382.10|NOT_FOUND|3731.70|271.85|173.10|14.42|34.75|NOT_FOUND|52.12|248.13|4126.65|287.70|NOT_FOUND|NOT_FOUND|146.23|340.67|556.17|580.90|108.39|88.10|NOT_FOUND|NOT_FOUND|178.30
CASE033_nab_classic.png,CASE033_nab_classic.png,bank_statement,36.676251,6,5,35.294118,MODEL3_synthetic_demo_prompt,2026-07-28T15:32:00,33.333333,6,2,17,False,SYNTHETIC_DEMO_DATA_NOT_REAL_MEASUREMENTS,BANK_STATEMEN,NOT_FOUND,NOT_FOUND,NOT_FOUND,Katherine Gonzalez,NOT_FOUND,NOT_FOUND,NOT_FOUND,NOT_FOUND,NOT_FOUND,NOT_FOUND,NOT_FOUND,NOT_FOUND,NOT_FOUND,01/02/2024 - 29/02/2024,01/02/2024|01/02/2024|04/02/2024|NOT_FOUND|04/02/2024|06/02/2024|06/02/2024|07/02/2024|07/02/2024|07/02/2024|08/02/2024|08/02/2024|08/02/2024|10/02/2024|10/02/2024|10/02/2024|10/02/2024|15/02/2024|16/02/2024|17/02/2024|19/02/2024|18/02/2024|18/02/2024|NOT_FOUND|20/02/2024|22/02/2024|25/02/2024|25/02/2024|26/02/2024|27/02/2024|27/02/2024|29/02/2024,551.62|581.38|NOT_FOUND|570.02|266.25|362.73|155.96|NOT_FOUND|296.45|9331.61|569.25|462.44|51.72|455.52|29.93|307.66|124.63|1295.70|177.81|94.83|93.39|502.25|633.70|231.65|NOT_FOUND|316.43|15.79|419.49|213.52|378.46|146.74
CASE034_westpac_premium.png,CASE034_westpac_premium.png,bank_statement,35.658141,6,4,35.294118,MODEL3_synthetic_demo_prompt,2026-07-28T15:33:00,33.333333,6,2,17,False,SYNTHETIC_DEMO_DATA_NOT_REAL_MEASUREMENTS,NOT_FOUND,NOT_FOUND,NOT_FOUND,NOT_FOUND,Misty Wilkerson,NOT_FOUND,NOT_FOUND,NOT_FOUND,NOT_FOUND,NOT_FOUND,NOT_FOUND,NOT_FOUND,NOT_FOUND,NOT_FOUND,03/09/2024 - 30/09/2024,04/09/2024|NOT_FOUND|05/09/2024|06/09/2024|06/09/2024|07/09/2024|09/09/2024|10/09/2024|09/09/2024|11/09/2024|14/09/2024|17/09/2024|19/09/2024|19/09/2024|19/09/2024|NOT_FOUND|NOT_FOUND|20/09/2024|20/09/2024|22/09/2024|23/09/2024|24/09/2024|24/09/2024|26/09/2024|26/09/2024|27/09/2024|27/09/2024|27/09/2024|28/09/2024|01/09/2024|30/09/2024,526.02|152.06|531.14|NOT_FOUND|32.03|2443.19|5829.70|NOT_FOUND|271.59|206.27|255.66|111.83|79.45|217.06|19.16|343.37|64.52|101.87|312.83|NOT_FOUND|1060.20|502.12|73.63|139.80|154.44|NOT_FOUND|213.38|460.20|362.19
CASE035_westpac_standard.png,CASE035_westpac_standard.png,bank_statement,36.883405,6,5,35.294118,MODEL3_synthetic_demo_prompt,2026-07-28T15:34:00,16.666667,6,1,17,False,SYNTHETIC_DEMO_DATA_NOT_REAL_MEASUREMENTS,NOT_FOUND,NOT_FOUND,Westpa,NOT_FOUND,Allison,NOT_FOUND,NOT_FOUND,NOT_FOUND,NOT_FOUND,NOT_FOUND,NOT_FOUND,NOT_FOUND,NOT_FOUND,NOT_FOUND,01/06/2023 - 30/06/2023,01/06/2023|02/06/2023|03/06/2023|04/06/2023|06/06/2023|06/06/2023|07/06/2023|08/06/2023|08/06/2023|09/06/2023|08/06/2023|11/06/2023|12/06/2023|12/06/2023|13/06/2023|14/06/2023|20/06/2023|20/06/2023|21/06/2023|26/06/2023|26/06/2023|27/06/2023|02/06/2023|03/06/2023,30.55|NOT_FOUND|NOT_FOUND|177.57|229.97|98.73|183.01|4458.20|583.39|235.33|NOT_FOUND|230.80|4101.40|363.46|4838.53|160.86|189.38|255.08|67.22|453.26|241.38|NOT_FOUND|584.81|56.78
CASE036_cba_standard.png,CASE036_cba_standard.png,bank_statement,25.297666,6,6,35.294118,MODEL3_synthetic_demo_prompt,2026-07-28T15:35:00,33.333333,6,2,17,False,SYNTHETIC_DEMO_DATA_NOT_REAL_MEASUREMENTS,BANK_STATEMEN,NOT_FOUND,Commonwealth Bank,NOT_FOUND,Christine Barton,NOT_FOUND,NOT_FOUND,NOT_FOUND,NOT_FOUND,NOT_FOUND,NOT_FOUND,NOT_FOUND,NOT_FOUND,NOT_FOUND,01/03/2023 -,01/03/2023|01/03/2023|03/03/2023|04/03/2023|05/03/2023|06/03/2023|07/03/2023|08/03/2023|07/03/2023|08/03/2023|09/03/2023|11/03/2023|11/03/2023|12/03/2023|12/03/2023|NOT_FOUND|15/03/2023|NOT_FOUND|16/03/2023|16/03/2023|17/03/2023|18/03/2023|19/03/2023|20/03/2023|21/03/2023|23/03/2023|23/03/2023|26/03/2023|28/03/2023|28/03/2023|01/03/2023|NOT_FOUND|29/03/2023|NOT_FOUND|03/03/2023|30/03/2023|30/03/2023|31/03/2023,524.53|NOT_FOUND|42452.45|NOT_FOUND|253.61|NOT_FOUND|190.93|NOT_FOUND|449.82|NOT_FOUND|404.56|3042.90|571.70|33.57|144.28|125.89|345.90|364.80|232.40|537.09|386.35|462.19|473.63|NOT_FOUND|462.56|202.15|104.65|NOT_FOUND|133.65|201.48|NOT_FOUND|160.66|500.69|30.03|509.32|NOT_FOUND|NOT_FOUND
CASE037_anz_modern.png,CASE037_anz_modern.png,bank_statement,29.035567,6,6,35.294118,MODEL3_synthetic_demo_prompt,2026-07-28T15:36:00,50.0,6,3,17,False,SYNTHETIC_DEMO_DATA_NOT_REAL_MEASUREMENTS,BANK_STATEMENT,NOT_FOUND,ANZ,NOT_FOUND,Jeremy,NOT_FOUND,NOT_FOUND,NOT_FOUND,NOT_FOUND,NOT_FOUND,NOT_FOUND,NOT_FOUND,NOT_FOUND,NOT_FOUND,01/01/2023 - 30/01/2023,02/01/2023|04/01/2023|05/01/2023|06/01/2023|06/01/2023|07/01/2023|08/01/2023|07/01/2023|08/01/2023|NOT_FOUND|10/01/2023|15/01/2023|15/01/2023|18/01/2023|19/01/2023|19/01/2023|20/01/2023|19/01/2023|21/01/2023|21/01/2023|22/01/2023|22/01/2023|NOT_FOUND|24/01/2023|25/01/2023|25/01/2023|25/01/2023|26/01/2023|27/01/2023|28/01/2023|02/01/2023|02/01/2023,129.00|NOT_FOUND|NOT_FOUND|NOT_FOUND|85.49|NOT_FOUND|225.39|NOT_FOUND|459.88|76.32|540.73|84.24|157.37|587.92|51.60|396.72|401.32|84.47|277.01|514.57|361.11|565.89|537.31|7.57|44.94|264.76|NOT_FOUND|46866.66|465.28|100.67|152.36|NOT_FOUND|355.61
CASE038_cba_date_grouped.png,CASE038_cba_date_grouped.png,bank_statement,33.633862,6,5,35.294118,MODEL3_synthetic_demo_prompt,2026-07-28T15:37:00,50.0,6,3,17,False,SYNTHETIC_DEMO_DATA_NOT_REAL_MEASUREMENTS,BANK_STATEMENT,NOT_FOUND,NOT_FOUND,NOT_FOUND,Crystal Sanford,NOT_FOUND,NOT_FOUND,NOT_FOUND,NOT_FOUND,NOT_FOUND,NOT_FOUND,NOT_FOUND,NOT_FOUND,NOT_FOUND,04/11/2024 - 30/11/2024,04/11/2024|05/11/2024|NOT_FOUND|NOT_FOUND|08/11/2024|NOT_FOUND|13/11/2024|15/11/2024|17/11/2024|18/11/2024|20/11/2024|19/11/2024|19/11/2024|20/11/2024|20/11/2024|21/11/2024|22/11/2024|23/11/2024|24/11/2024|25/11/2024|25/11/2024|26/11/2024|27/11/2024|28/11/2024|28/11/2024|01/11/2024|30/11/2024,382.01|217.90|NOT_FOUND|NOT_FOUND|235.83|500.84|NOT_FOUND|NOT_FOUND|55.45|28.15|47.63|264.19|205.01|503.09|484.90|NOT_FOUND|319.08|12.75|117.25|97.82|NOT_FOUND
CASE039_anz_standard.png,CASE039_anz_standard.png,bank_statement,28.38648,6,4,35.294118,MODEL3_synthetic_demo_prompt,2026-07-28T15:38:00,0.0,6,0,17,False,SYNTHETIC_DEMO_DATA_NOT_REAL_MEASUREMENTS,BANK_STATEMEN,NOT_FOUND,UNKNOWN,NOT_FOUND,NOT_FOUND,NOT_FOUND,NOT_FOUND,NOT_FOUND,NOT_FOUND,NOT_FOUND,NOT_FOUND,NOT_FOUND,NOT_FOUND,NOT_FOUND,NOT_FOUND,03/02/2023|03/02/2023|04/02/2023|05/02/2023|07/02/2023|08/02/2023|08/02/2023|11/02/2023|11/02/2023|12/02/2023|12/02/2023|13/02/2023|13/02/2023|15/02/2023|16/02/2023|NOT_FOUND|16/02/2023|19/02/2023|19/02/2023|20/02/2023|20/02/2023|22/02/2023|22/02/2023|26/02/2023|27/02/2023|27/02/2023|27/02/2023|27/02/2023,317.79|24.85|3035.90|112.28|NOT_FOUND|22.04|NOT_FOUND|229.35|NOT_FOUND|NOT_FOUND|78.01|NOT_FOUND|128.47|65.26|553.89|1185.40|21.14|NOT_FOUND|NOT_FOUND|515.63|176.66|292.69|NOT_FOUND|505.68|209.30|187.19|NOT_FOUND|NOT_FOUND|370.11|51.30
CASE040_nab_dense.png,CASE040_nab_dense.png,bank_statement,35.113754,6,6,35.294118,MODEL3_synthetic_demo_prompt,2026-07-28T15:39:00,33.333333,6,2,17,False,SYNTHETIC_DEMO_DATA_NOT_REAL_MEASUREMENTS,BANK_STATEMEN,NOT_FOUND,National Australia Bank,NOT_FOUND,Edward,NOT_FOUND,NOT_FOUND,NOT_FOUND,NOT_FOUND,NOT_FOUND,NOT_FOUND,NOT_FOUND,NOT_FOUND,NOT_FOUND,03/04/2024 - 30/04/2024,03/04/2024|04/04/2024|04/04/2024|06/04/2024|07/04/2024|06/04/2024|07/04/2024|10/04/2024|11/04/2024|10/04/2024|NOT_FOUND|12/04/2024|14/04/2024|16/04/2024|17/04/2024|18/04/2024|18/04/2024|19/04/2024|20/04/2024|23/04/2024|26/04/2024|NOT_FOUND|27/04/2024|28/04/2024|02/04/2024|NOT_FOUND|02/04/2024,546.42|559.26|50.65|429.73|NOT_FOUND|274.87|226.41|176.17|488.35|NOT_FOUND|382.29|NOT_FOUND|121.04|NOT_FOUND|193.66|407.68|NOT_FOUND|194.95|263.94|NOT_FOUND|499.57|20.28|NOT_FOUND|NOT_FOUND|377.89
CASE041_anz_modern.png,CASE041_anz_modern.png,bank_statement,32.715134,6,5,35.294118,MODEL3_synthetic_demo_prompt,2026-07-28T15:40:00,33.333333,6,2,17,False,SYNTHETIC_DEMO_DATA_NOT_REAL_MEASUREMENTS,BANK_STATEMENT,NOT_FOUND,NOT_FOUND,NOT_FOUND,Jacob Williamson,NOT_FOUND,NOT_FOUND,NOT_FOUND,NOT_FOUND,NOT_FOUND,NOT_FOUND,NOT_FOUND,NOT_FOUND,NOT_FOUND,01/11/2024 -,02/11/2024|02/11/2024|03/11/2024|NOT_FOUND|05/11/2024|05/11/2024|NOT_FOUND|08/11/2024|08/11/2024|09/11/2024|11/11/2024|11/11/2024|11/11/2024|11/11/2024|13/11/2024|16/11/2024|16/11/2024|17/11/2024|17/11/2024|19/11/2024|19/11/2024|NOT_FOUND|19/11/2024|20/11/2024|NOT_FOUND|21/11/2024|23/11/2024|23/11/2024|26/11/2024|NOT_FOUND|NOT_FOUND|28/11/2024|27/11/2024|29/11/2024|29/11/2024|29/11/2024|30/11/2024|30/11/2024,510.19|5744.30|NOT_FOUND|163.98|337.61|200.45|343.71|NOT_FOUND|292.43|2.14|145.41|207.35|46.43|501.43|31.16|28.02|5318.00|NOT_FOUND|NOT_FOUND|80.99|169.34|434.13|5975.40|362.85|95.96|206.35|NOT_FOUND|NOT_FOUND|481.96|386.57|NOT_FOUND|38027.36|NOT_FOUND
CASE042_nab_classic.png,CASE042_nab_classic.png,bank_statement,37.667815,6,6,35.294118,MODEL3_synthetic_demo_prompt,2026-07-28T15:41:00,16.666667,6,1,17,False,SYNTHETIC_DEMO_DATA_NOT_REAL_MEASUREMENTS,BANK_STATEMEN,NOT_FOUND,National Australia,NOT_FOUND,Monique Garza,NOT_FOUND,NOT_FOUND,NOT_FOUND,NOT_FOUND,NOT_FOUND,NOT_FOUND,NOT_FOUND,NOT_FOUND,NOT_FOUND,01/11/2024 -,NOT_FOUND|02/11/2024|05/11/2024|07/11/2024|09/11/2024|12/11/2024|12/11/2024|12/11/2024|14/11/2024|14/11/2024|14/11/2024|16/11/2024|16/11/2024|16/11/2024|16/11/2024|19/11/2024|19/11/2024|NOT_FOUND|NOT_FOUND|22/11/2024|23/11/2024|25/11/2024|25/11/2024|26/11/2024|29/11/2024,NOT_FOUND|6.60|33.49|1202.56|14.70|144.95|478.66|49.49|60.96|52.09|353.45|311.02|482.72|51.66|155.77|26.32|372.79|363.89|284.06|NOT_FOUND|215.62|463.31|NOT_FOUND|231.25|83.41|311.56
CASE043_anz_standard.png,CASE043_anz_standard.png,bank_statement,37.264113,6,6,35.294118,MODEL3_synthetic_demo_prompt,2026-07-28T15:42:00,16.666667,6,1,17,False,SYNTHETIC_DEMO_DATA_NOT_REAL_MEASUREMENTS,BANK_STATEMENT,NOT_FOUND,UNKNOWN,NOT_FOUND,Joel,NOT_FOUND,NOT_FOUND,NOT_FOUND,NOT_FOUND,NOT_FOUND,NOT_FOUND,NOT_FOUND,NOT_FOUND,NOT_FOUND,01/05/2023 -,NOT_FOUND|01/05/2023|02/05/2023|02/05/2023|02/05/2023|NOT_FOUND|03/05/2023|05/05/2023|05/05/2023|04/05/2023|04/05/2023|04/05/2023|05/05/2023|05/05/2023|06/05/2023|07/05/2023|10/05/2023|12/05/2023|NOT_FOUND|13/05/2023|15/05/2023|NOT_FOUND|16/05/2023|17/05/2023|18/05/2023|18/05/2023|19/05/2023|21/05/2023|23/05/2023|22/05/2023|24/05/2023|25/05/2023|26/05/2023|01/05/2023|02/05/2023,NOT_FOUND|1800.74|NOT_FOUND|NOT_FOUND|NOT_FOUND|3293.50|367.87|249.01|NOT_FOUND|62.78|513.65|427.19|NOT_FOUND|NOT_FOUND|34.26|36.55|10.01|383.44|49.57|NOT_FOUND|84.48|23.04|392.95|285.15|18.43|33.91|NOT_FOUND|248.01|503.26|441.56|35.97|594.35|55.56|534.61|NOT_FOUND|556.37|377.60
CASE044_nab_dense.png,CASE044_nab_dense.png,bank_statement,27.154018,6,4,35.294118,MODEL3_synthetic_demo_prompt,2026-07-28T15:43:00,16.666667,6,1,17,False,SYNTHETIC_DEMO_DATA_NOT_REAL_MEASUREMENTS,NOT_FOUND,NOT_FOUND,NOT_FOUND,NOT_FOUND,Rick Wilson,NOT_FOUND,NOT_FOUND,NOT_FOUND,NOT_FOUND,NOT_FOUND,NOT_FOUND,NOT_FOUND,NOT_FOUND,NOT_FOUND,01/06/2024 -,02/06/2024|03/06/2024|NOT_FOUND|04/06/2024|06/06/2024|06/06/2024|07/06/2024|08/06/2024|08/06/2024|08/06/2024|10/06/2024|NOT_FOUND|11/06/2024|13/06/2024|13/06/2024|14/06/2024|14/06/2024|15/06/2024|16/06/2024|NOT_FOUND|19/06/2024|NOT_FOUND|19/06/2024|20/06/2024|20/06/2024|NOT_FOUND|NOT_FOUND|26/06/2024|28/06/2024|29/06/2024|30/06/2024|30/06/2024,402.97|494.64|500.76|416.53|201.59|NOT_FOUND|251.83|NOT_FOUND|472.40|NOT_FOUND|312.54|482.12|411.41|NOT_FOUND|289.97|NOT_FOUND|19.64|NOT_FOUND|19265.09|NOT_FOUND|406.37|NOT_FOUND|76.89|523.06|105.75|NOT_FOUND|644.51|277.22|89.11|473.83|NOT_FOUND|NOT_FOUND|NOT_FOUND|223.89
CASE045_westpac_standard.png,CASE045_westpac_standard.png,bank_statement,30.227133,6,5,35.294118,MODEL3_synthetic_demo_prompt,2026-07-28T15:44:00,50.0,6,3,17,False,SYNTHETIC_DEMO_DATA_NOT_REAL_MEASUREMENTS,BANK_STATEMENT,NOT_FOUND,Westpac,NOT_FOUND,NOT_FOUND,NOT_FOUND,NOT_FOUND,NOT_FOUND,NOT_FOUND,NOT_FOUND,NOT_FOUND,NOT_FOUND,NOT_FOUND,NOT_FOUND,02/03/2023 - 30/03/2023,02/03/2023|04/03/2023|03/03/2023|04/03/2023|NOT_FOUND|09/03/2023|09/03/2023|NOT_FOUND|10/03/2023|10/03/2023|13/03/2023|18/03/2023|18/03/2023|19/03/2023|18/03/2023|19/03/2023|NOT_FOUND|22/03/2023|23/03/2023|23/03/2023|23/03/2023|26/03/2023|26/03/2023|27/03/2023|28/03/2023|28/03/2023|29/03/2023|30/03/2023|30/03/2023,73.03|58.39|NOT_FOUND|123.56|512.37|427.07|4905.20|884.50|73.10|41.14|299.05|NOT_FOUND|NOT_FOUND|139.14|NOT_FOUND|4877.30|345.09|381.02|128.02|220.56|343.44|411.77|NOT_FOUND|NOT_FOUND|25.87|125.56|NOT_FOUND|NOT_FOUND|134.95|570.48
CASE046_westpac_premium.png,CASE046_westpac_premium.png,bank_statement,29.363895,6,6,35.294118,MODEL3_synthetic_demo_prompt,2026-07-28T15:45:00,66.666667,6,4,17,False,SYNTHETIC_DEMO_DATA_NOT_REAL_MEASUREMENTS,BANK_STATEMENT,NOT_FOUND,Westpac,NOT_FOUND,Daniel Perry,NOT_FOUND,NOT_FOUND,NOT_FOUND,NOT_FOUND,NOT_FOUND,NOT_FOUND,NOT_FOUND,NOT_FOUND,NOT_FOUND,01/03/2024 - 31/03/2024,03/03/2024|NOT_FOUND|06/03/2024|07/03/2024|NOT_FOUND|NOT_FOUND|09/03/2024|09/03/2024|10/03/2024|11/03/2024|13/03/2024|13/03/2024|14/03/2024|15/03/2024|15/03/2024|15/03/2024|19/03/2024|19/03/2024|NOT_FOUND|20/03/2024|21/03/2024|25/03/2024|NOT_FOUND|26/03/2024|26/03/2024|27/03/2024|27/03/2024|28/03/2024|30/03/2024|31/03/2024,328.02|NOT_FOUND|511.64|57.29|41.95|467.43|5723.20|478.87|291.30|233.87|23.30|253.65|440.46|NOT_FOUND|52.05|569.58|245.83|NOT_FOUND|192.66|199440.60|4570.20|NOT_FOUND|NOT_FOUND|NOT_FOUND|392.04|NOT_FOUND|3006.20|NOT_FOUND|334.35|NOT_FOUND
CASE047_cba_standard.png,CASE047_cba_standard.png,bank_statement,28.299291,6,6,35.294118,MODEL3_synthetic_demo_prompt,2026-07-28T15:46:00,50.0,6,3,17,False,SYNTHETIC_DEMO_DATA_NOT_REAL_MEASUREMENTS,BANK_STATEMENT,NOT_FOUND,Commonwealth Bank,NOT_FOUND,Edward,NOT_FOUND,NOT_FOUND,NOT_FOUND,NOT_FOUND,NOT_FOUND,NOT_FOUND,NOT_FOUND,NOT_FOUND,NOT_FOUND,01/09/2023 - 27/09/2023,01/09/2023|02/09/2023|03/09/2023|NOT_FOUND|03/09/2023|05/09/2023|06/09/2023|NOT_FOUND|08/09/2023|08/09/2023|09/09/2023|09/09/2023|10/09/2023|11/09/2023|11/09/2023|12/09/2023|12/09/2023|NOT_FOUND|15/09/2023|15/09/2023|16/09/2023|17/09/2023|17/09/2023|18/09/2023|19/09/2023|NOT_FOUND|21/09/2023|24/09/2023|25/09/2023|28/09/2023,150.21|2747.62|NOT_FOUND|492.72|159.88|37.96|1528.40|276.40|348.71|NOT_FOUND|96.69|11.91|250.61|NOT_FOUND|91.73|NOT_FOUND|NOT_FOUND|554.84|195.08|511.36|138.40|NOT_FOUND|321.41|466.46|NOT_FOUND|437.74|NOT_FOUND|NOT_FOUND|221.15|NOT_FOUND|NOT_FOUND|138.77|412.41
CASE048_cba_date_grouped.png,CASE048_cba_date_grouped.png,bank_statement,39.161216,6,6,35.294118,MODEL3_synthetic_demo_prompt,2026-07-28T15:47:00,50.0,6,3,17,False,SYNTHETIC_DEMO_DATA_NOT_REAL_MEASUREMENTS,BANK_STATEMENT,NOT_FOUND,Commonwealth Bank,NOT_FOUND,Robert Henry,NOT_FOUND,NOT_FOUND,NOT_FOUND,NOT_FOUND,NOT_FOUND,NOT_FOUND,NOT_FOUND,NOT_FOUND,NOT_FOUND,01/08/2024 -,01/08/2024|02/08/2024|03/08/2024|05/08/2024|05/08/2024|06/08/2024|07/08/2024|NOT_FOUND|06/08/2024|16/08/2024|16/08/2024|17/08/2024|17/08/2024|18/08/2024|20/08/2024|21/08/2024|21/08/2024|22/08/2024|24/08/2024|26/08/2024|27/08/2024|27/08/2024|27/08/2024|29/08/2024|29/08/2024|29/08/2024|30/08/2024|03/08/2024,526.09|4271.81|347.73|NOT_FOUND|18.75|52.92|465.82|51.20|204.49|2157.90|328.17|NOT_FOUND|503.86|245.17|234.75|469.24|12.57|4758.30|NOT_FOUND|NOT_FOUND|NOT_FOUND|37.67|191.47|412.97|576.28|27.94
CASE049_anz_modern.png,CASE049_anz_modern.png,bank_statement,27.429987,6,6,35.294118,MODEL3_synthetic_demo_prompt,2026-07-28T15:48:00,66.666667,6,4,17,False,SYNTHETIC_DEMO_DATA_NOT_REAL_MEASUREMENTS,BANK_STATEMENT,NOT_FOUND,ANZ,NOT_FOUND,Joseph Chase,NOT_FOUND,NOT_FOUND,NOT_FOUND,NOT_FOUND,NOT_FOUND,NOT_FOUND,NOT_FOUND,NOT_FOUND,NOT_FOUND,03/06/2024 - 30/06/2024,03/06/2024|06/06/2024|06/06/2024|11/06/2024|NOT_FOUND|12/06/2024|14/06/2024|14/06/2024|14/06/2024|15/06/2024|15/06/2024|15/06/2024|18/06/2024|17/06/2024|17/06/2024|18/06/2024|18/06/2024|18/06/2024|19/06/2024|26/06/2024|25/06/2024|25/06/2024|26/06/2024|26/06/2024|27/06/2024|NOT_FOUND|01/06/2024|28/06/2024|28/06/2024|29/06/2024|30/06/2024|30/06/2024,34164.44|189.68|522.41|356.00|NOT_FOUND|179.87|NOT_FOUND|44.80|213.55|199.30|NOT_FOUND|NOT_FOUND|574.45|NOT_FOUND|395.46|437.62|NOT_FOUND|299.29|NOT_FOUND|367.88|NOT_FOUND|490.66|NOT_FOUND|102.90|435.29|58.76|441.74|784.00|400.41|NOT_FOUND
CASE050_cba_standard.png,CASE050_cba_standard.png,bank_statement,26.044892,6,4,35.294118,MODEL3_synthetic_demo_prompt,2026-07-28T15:49:00,16.666667,6,1,17,False,SYNTHETIC_DEMO_DATA_NOT_REAL_MEASUREMENTS,NOT_FOUND,NOT_FOUND,Commonwealth,NOT_FOUND,Angela Gardner,NOT_FOUND,NOT_FOUND,NOT_FOUND,NOT_FOUND,NOT_FOUND,NOT_FOUND,NOT_FOUND,NOT_FOUND,NOT_FOUND,NOT_FOUND,01/09/2023|01/09/2023|03/09/2023|04/09/2023|04/09/2023|04/09/2023|06/09/2023|05/09/2023|NOT_FOUND|10/09/2023|10/09/2023|NOT_FOUND|14/09/2023|15/09/2023|17/09/2023|18/09/2023|19/09/2023|21/09/2023|21/09/2023|22/09/2023|22/09/2023|NOT_FOUND|26/09/2023|26/09/2023|27/09/2023|27/09/2023|01/09/2023|29/09/2023,NOT_FOUND|NOT_FOUND|328.39|558.81|363.45|25107.52|140.88|NOT_FOUND|NOT_FOUND|27.51|489.28|NOT_FOUND|489.67|20.28|27.51|495.33|NOT_FOUND|NOT_FOUND|833.50|348.76|391.48|1941.50|41.42|NOT_FOUND|NOT_FOUND|53.12|NOT_FOUND|148.77|417.25
CASE051_westpac_standard.png,CASE051_westpac_standard.png,bank_statement,26.466651,6,6,35.294118,MODEL3_synthetic_demo_prompt,2026-07-28T15:50:00,0.0,6,0,17,False,SYNTHETIC_DEMO_DATA_NOT_REAL_MEASUREMENTS,BANK_STATEMEN,NOT_FOUND,Westpa,NOT_FOUND,Daniel,NOT_FOUND,NOT_FOUND,NOT_FOUND,NOT_FOUND,NOT_FOUND,NOT_FOUND,NOT_FOUND,NOT_FOUND,NOT_FOUND,01/06/2024 -,01/06/2024|01/06/2024|02/06/2024|NOT_FOUND|03/06/2024|04/06/2024|06/06/2024|07/06/2024|11/06/2024|NOT_FOUND|13/06/2024|13/06/2024|13/06/2024|14/06/2024|15/06/2024|NOT_FOUND|16/06/2024|16/06/2024|17/06/2024|18/06/2024|19/06/2024|NOT_FOUND|20/06/2024|NOT_FOUND|22/06/2024|26/06/2024|NOT_FOUND|NOT_FOUND|30/06/2024,340.22|167.61|76.37|73.14|NOT_FOUND|NOT_FOUND|497.06|324.30|NOT_FOUND|591.49|546.91|NOT_FOUND|455.81|332.56|NOT_FOUND|568.84|344.66|436.21|76.90|132.21|NOT_FOUND|9.88|NOT_FOUND|299.12|17228.62|485.11|464.55|419.93|578.96|62.32|480.16|595.07
CASE052_westpac_premium.png,CASE052_westpac_premium.png,bank_statement,39.233587,6,6,35.294118,MODEL3_synthetic_demo_prompt,2026-07-28T15:51:00,50.0,6,3,17,False,SYNTHETIC_DEMO_DATA_NOT_REAL_MEASUREMENTS,BANK_STATEMENT,NOT_FOUND,Westpa,NOT_FOUND,Karen Hunter,NOT_FOUND,NOT_FOUND,NOT_FOUND,NOT_FOUND,NOT_FOUND,NOT_FOUND,NOT_FOUND,NOT_FOUND,NOT_FOUND,01/02/2023 - 28/02/2023,02/02/2023|NOT_FOUND|03/02/2023|NOT_FOUND|NOT_FOUND|05/02/2023|NOT_FOUND|NOT_FOUND|07/02/2023|08/02/2023|NOT_FOUND|10/02/2023|10/02/2023|09/02/2023|09/02/2023|11/02/2023|12/02/2023|NOT_FOUND|14/02/2023|NOT_FOUND|16/02/2023|15/02/2023|16/02/2023|18/02/2023|19/02/2023|NOT_FOUND|NOT_FOUND|24/02/2023|24/02/2023|24/02/2023|25/02/2023|27/02/2023|26/02/2023|26/02/2023|26/02/2023|28/02/2023,NOT_FOUND|176.14|460.85|233.91|577.77|NOT_FOUND|NOT_FOUND|416.18|96.78|468.08|NOT_FOUND|451.14|NOT_FOUND|317.66|136.46|2821.70|16.61|557.85|125.04|12.07|NOT_FOUND|465.73|292.30|116.56|88.29|NOT_FOUND|NOT_FOUND|312.21|559.12|NOT_FOUND
CASE053_anz_standard.png,CASE053_anz_standard.png,bank_statement,29.511387,6,4,35.294118,MODEL3_synthetic_demo_prompt,2026-07-28T15:52:00,16.666667,6,1,17,False,SYNTHETIC_DEMO_DATA_NOT_REAL_MEASUREMENTS,BANK_STATEMENT,NOT_FOUND,NOT_FOUND,NOT_FOUND,NOT_FOUND,NOT_FOUND,NOT_FOUND,NOT_FOUND,NOT_FOUND,NOT_FOUND,NOT_FOUND,NOT_FOUND,NOT_FOUND,NOT_FOUND,01/03/2024 -,NOT_FOUND|02/03/2024|NOT_FOUND|06/03/2024|07/03/2024|06/03/2024|06/03/2024|09/03/2024|10/03/2024|09/03/2024|12/03/2024|16/03/2024|17/03/2024|18/03/2024|21/03/2024|21/03/2024|24/03/2024|24/03/2024|NOT_FOUND|26/03/2024|27/03/2024|28/03/2024|02/03/2024|29/03/2024|03/03/2024|NOT_FOUND|31/03/2024,294.07|507.87|NOT_FOUND|NOT_FOUND|NOT_FOUND|520.47|556.16|NOT_FOUND|NOT_FOUND|322.66|553.47|556.94|381.08|5654.30|456.70|598.94|NOT_FOUND|NOT_FOUND|269.69|NOT_FOUND|15.74|8.44|186.94|4583.80|250.46|23.83|432.83|NOT_FOUND
CASE054_nab_classic.png,CASE054_nab_classic.png,bank_statement,25.965437,6,2,35.294118,MODEL3_synthetic_demo_prompt,2026-07-28T15:53:00,0.0,6,0,17,False,SYNTHETIC_DEMO_DATA_NOT_REAL_MEASUREMENTS,NOT_FOUND,NOT_FOUND,NOT_FOUND,NOT_FOUND,NOT_FOUND,NOT_FOUND,NOT_FOUND,NOT_FOUND,NOT_FOUND,NOT_FOUND,NOT_FOUND,NOT_FOUND,NOT_FOUND,NOT_FOUND,NOT_FOUND,01/03/2024|01/03/2024|NOT_FOUND|03/03/2024|04/03/2024|05/03/2024|05/03/2024|NOT_FOUND|06/03/2024|06/03/2024|06/03/2024|07/03/2024|07/03/2024|08/03/2024|09/03/2024|10/03/2024|12/03/2024|12/03/2024|13/03/2024|13/03/2024|13/03/2024|15/03/2024|16/03/2024|16/03/2024|18/03/2024|19/03/2024|20/03/2024|NOT_FOUND|23/03/2024|24/03/2024|25/03/2024|26/03/2024|27/03/2024|NOT_FOUND,220.14|272.00|276.18|NOT_FOUND|NOT_FOUND|482.68|NOT_FOUND|NOT_FOUND|3457.00|NOT_FOUND|NOT_FOUND|89.81|NOT_FOUND|NOT_FOUND|432.99|NOT_FOUND|138.72|NOT_FOUND|164.67|3943.01|305.64|147.98|352.92|366.75|86.39|552.58|NOT_FOUND|403.36|NOT_FOUND|NOT_FOUND|NOT_FOUND|235.56|NOT_FOUND
CASE055_nab_dense.png,CASE055_nab_dense.png,bank_statement,35.146639,6,4,35.294118,MODEL3_synthetic_demo_prompt,2026-07-28T15:54:00,33.333333,6,2,17,False,SYNTHETIC_DEMO_DATA_NOT_REAL_MEASUREMENTS,NOT_FOUND,NOT_FOUND,National Australia Bank,NOT_FOUND,Sean Lewis,NOT_FOUND,NOT_FOUND,NOT_FOUND,NOT_FOUND,NOT_FOUND,NOT_FOUND,NOT_FOUND,NOT_FOUND,NOT_FOUND,NOT_FOUND,01/10/2024|01/10/2024|03/10/2024|05/10/2024|NOT_FOUND|06/10/2024|06/10/2024|09/10/2024|09/10/2024|NOT_FOUND|11/10/2024|12/10/2024|13/10/2024|13/10/2024|13/10/2024|13/10/2024|15/10/2024|15/10/2024|18/10/2024|20/10/2024|NOT_FOUND|24/10/2024|25/10/2024|26/10/2024|27/10/2024|NOT_FOUND|01/10/2024|28/10/2024|30/10/2024|30/10/2024|04/10/2024,156.21|9926.94|NOT_FOUND|64.50|NOT_FOUND|12.45|NOT_FOUND|NOT_FOUND|192.42|460.21|217.13|85.41|1438.40|86.23|36.88|32.76|426.59|NOT_FOUND|19.96|115.40|NOT_FOUND|244.12|465.58|246.76|47.32|227.29|19.98|NOT_FOUND|4033.30|347.23|289.99|NOT_FOUND|4082.20|565.02
CASE001_tax_invoice_mixed.png,CASE001_tax_invoice_mixed.png,invoice,11.76641,14,14,82.352941,MODEL3_synthetic_demo_prompt,2026-07-28T15:55:00,64.285714,14,9,17,False,SYNTHETIC_DEMO_DATA_NOT_REAL_MEASUREMENTS,INVOICE,57 773 872 148,Prime Consulting Partners,"307 Ibarra Way, St Kilda VIC 3182",Robin Wood,"130 Todd St, Newtown NSW 2042",07/07/2024,Tax return preparation|Trademark registration|Business strategy,5|3,707.66|797.82|433.08,3538.30|3191.28|1299.24,fals,80.29,88317.00,NOT_FOUND,NOT_FOUND,NOT_FOUND
CASE002_tax_invoice_high_value.png,CASE002_tax_invoice_high_value.png,invoice,11.262074,14,12,82.352941,MODEL3_synthetic_demo_prompt,2026-07-28T15:56:00,42.857143,14,6,17,False,SYNTHETIC_DEMO_DATA_NOT_REAL_MEASUREMENTS,INVOIC,29 951 343 320,Ashby Marketing Group,"62 Mckenzie Way, Chatswood NSW 2067",NOT_FOUND,NOT_FOUND,29/08/2023,Due diligence review|Contract review and drafting,NOT_FOUND|NOT_FOUND,396.29|369.87,871.84|2219.22,fals,3011.80,3644.28,NOT_FOUND,NOT_FOUND,NOT_FOUND
CASE003_tax_invoice_standard.png,CASE003_tax_invoice_standard.png,invoice,8.336336,14,12,82.352941,MODEL3_synthetic_demo_prompt,2026-07-28T15:57:00,57.142857,14,8,17,False,SYNTHETIC_DEMO_DATA_NOT_REAL_MEASUREMENTS,INVOICE,86 037 917 693,Eastern Creative Agency,"256 King Cres, Subiaco WA",James,"139 Maldonado Pde, Richmond VIC 3121",05/03/2024,NOT_FOUND,UNKNOWN,NOT_FOUND,22401.24,fals,2240.12,24641.36,NOT_FOUND,NOT_FOUND,NOT_FOUND
CASE004_tax_invoice_gst_inclusive.png,CASE004_tax_invoice_gst_inclusive.png,invoice,10.124632,14,14,82.352941,MODEL3_synthetic_demo_prompt,2026-07-28T15:58:00,71.428571,14,10,17,False,SYNTHETIC_DEMO_DATA_NOT_REAL_MEASUREMENTS,INVOICE,48 676 320,Metro Accounting,"179 Leblanc Dr, Subiaco WA 6008",Tanner Johnson,"232 Schmitt Ave, Paddington QLD 4064",24/02/2024,Brand identity|Software development services,1|3,1372.38|2564.50,1372.38|769.35,false,214.17,2355.90,NOT_FOUND,NOT_FOUND,NOT_FOUND
CASE005_tax_invoice_mixed.png,CASE005_tax_invoice_mixed.png,invoice,10.906805,14,14,82.352941,MODEL3_synthetic_demo_prompt,2026-07-28T15:59:00,85.714286,14,12,17,False,SYNTHETIC_DEMO_DATA_NOT_REAL_MEASUREMENTS,INVOIC,61 287 083 172,Ockendon IT Solutions,"19 Owen Pde, St Kilda VIC 3182",David,"323 Lindsey Pl, Newtown NSW 2042",12/11/2024,Marketing campaign management,5,121.22,606.10,false,60.61,666.71,NOT_FOUND,NOT_FOUND,NOT_FOUND
CASE006_tax_invoice_gst_inclusive.png,CASE006_tax_invoice_gst_inclusive.png,invoice,7.940378,14,13,82.352941,MODEL3_synthetic_demo_prompt,2026-07-28T15:00:00,50.0,14,7,17,False,SYNTHETIC_DEMO_DATA_NOT_REAL_MEASUREMENTS,INVOICE,82 788 957 986,Lonsdale Legal Group,NOT_FOUND,Karen,"41 Mendoza Dr, Cronulla NSW",25/09/2023,Payroll processing services|Due diligence review|Annual report,NOT_FOUND|4|1,86.72|579.47|1357.27,3468.80|2317.88|1233.88,false,389.86,4288.50,NOT_FOUND,NOT_FOUND,NOT_FOUND
CASE007_tax_invoice_standard.png,CASE007_tax_invoice_standard.png,invoice,9.124406,14,13,82.352941,MODEL3_synthetic_demo_prompt,2026-07-28T15:01:00,42.857143,14,6,17,False,SYNTHETIC_DEMO_DATA_NOT_REAL_MEASUREMENTS,INVOIC,14 872 774,Statewide Brand &,NOT_FOUND,Jennifer Hopkins,"142 Simmons Gr, Newtown NSW 2042",26/08/2024,Annual report preparation|Financial planning services|Brand identity design|Contract review and drafting,3|2|5|UNKNOWN,921.36|202.28|1367.59,276.41|NOT_FOUND|6837.95|391.61,fals,1039.82,11438.02,NOT_FOUND,NOT_FOUND,NOT_FOUND
CASE008_tax_invoice_high_value.png,CASE008_tax_invoice_high_value.png,invoice,10.709955,14,13,82.352941,MODEL3_synthetic_demo_prompt,2026-07-28T15:02:00,85.714286,14,12,17,False,SYNTHETIC_DEMO_DATA_NOT_REAL_MEASUREMENTS,INVOICE,57 734 714 345,Penhallow Legal Group,"268 Garrett Cl, Leederville WA",Norma Cross,"52 Moore Rd, Chatswood NSW 2067",13/10/2024,Annual report preparation,5,830.78,NOT_FOUND,false,415.39,4569.29,NOT_FOUND,NOT_FOUND,NOT_FOUND
CASE009_tax_invoice_gst_inclusive.png,CASE009_tax_invoice_gst_inclusive.png,invoice,10.116928,14,14,82.352941,MODEL3_synthetic_demo_prompt,2026-07-28T15:03:00,71.428571,14,10,17,False,SYNTHETIC_DEMO_DATA_NOT_REAL_MEASUREMENTS,INVOICE,44 581 223,Southern Marketing Co,"387 Benton Way, Leederville WA 6007",John Manning,"340 Moore Cres, Norwood SA 5067",19/05/2023,IT support and maintenance,UNKNOWN,118.36,107.60,false,10.76,118.36,NOT_FOUND,NOT_FOUND,NOT_FOUND
CASE010_tax_invoice_high_value.png,CASE010_tax_invoice_high_value.png,invoice,8.869568,14,13,82.352941,MODEL3_synthetic_demo_prompt,2026-07-28T15:04:00,57.142857,14,8,17,False,SYNTHETIC_DEMO_DATA_NOT_REAL_MEASUREMENTS,INVOICE,98 166 587,Ockendon Tax & Advisory,"188 Rubio Rd, Chatswood NSW",NOT_FOUND,"375 Parker Ave, Chatswood NSW 2067",23/07/2023,Brand identity design|NOT_FOUND,NOT_FOUND|7,2660.47|902.59,10641.88|6318.13,false,1696.00,18656.01,NOT_FOUND,NOT_FOUND,NOT_FOUND
CASE011_tax_invoice_mixed.png,CASE011_tax_invoice_mixed.png,invoice,10.119006,14,14,82.352941,MODEL3_synthetic_demo_prompt,2026-07-28T15:05:00,64.285714,14,9,17,False,SYNTHETIC_DEMO_DATA_NOT_REAL_MEASUREMENTS,INVOICE,56 669 096 705,Yarrow Consulting,"369 Martin Way, St Kilda VIC 3182",Jeffrey,"353 Martinez Ave, Cronulla NSW 2230",05/09/2023,Trademark registration|Cloud infrastructure migration,8|8,595.05|24931.40,4760.40|19945.12,false,2717.61,27176.07,NOT_FOUND,NOT_FOUND,NOT_FOUND
CASE012_tax_invoice_standard.png,CASE012_tax_invoice_standard.png,invoice,10.543443,14,14,82.352941,MODEL3_synthetic_demo_prompt,2026-07-28T15:06:00,78.571429,14,11,17,False,SYNTHETIC_DEMO_DATA_NOT_REAL_MEASUREMENTS,INVOICE,51 466 889 373,Western Legal,"69 Navarro Cl, Norwood SA 5067",Jason Foster,"268 Ayala Dr, Glenelg SA",15/08/2023,Brand identity design|Payroll processing services,2|4,1863.79|113.87,3727.58|455.48,fals,418.31,5061.51,NOT_FOUND,NOT_FOUND,NOT_FOUND
CASE013_tax_invoice_gst_inclusive.png,CASE013_tax_invoice_gst_inclusive.png,invoice,11.608985,14,12,82.352941,MODEL3_synthetic_demo_prompt,2026-07-28T15:07:00,64.285714,14,9,17,False,SYNTHETIC_DEMO_DATA_NOT_REAL_MEASUREMENTS,NOT_FOUND,65 467 065 627,Blackwood & Partners Lawyers,"290 Jimenez St, Toowoomba QLD 4350",NOT_FOUND,"247 Stone Cres, Parramatta NSW 2150",18/06/2023,Professional consultation services|Accounting and bookkeeping|Cloud infrastructure|Marketing campaign management,7|NOT_FOUND|UNKNOWN|UNKNOWN,176.65|158.75|5695.32|165.52,1236.55|793.75|5695.32|331.04,false,805.67,8862.33,NOT_FOUND,NOT_FOUND,NOT_FOUND
CASE014_tax_invoice_standard.png,CASE014_tax_invoice_standard.png,invoice,8.179717,14,13,82.352941,MODEL3_synthetic_demo_prompt,2026-07-28T15:08:00,64.285714,14,9,17,False,SYNTHETIC_DEMO_DATA_NOT_REAL_MEASUREMENTS,INVOICE,NOT_FOUND,Regional,"279 Best Tce, Fremantle WA 6160",Tiffany,"393 Fitzgerald Ave, Alexandria NSW",05/09/2024,Contract review and drafting,5,245.92,12296.00,false,122.96,1352.56,NOT_FOUND,NOT_FOUND,NOT_FOUND
CASE015_tax_invoice_mixed.png,CASE015_tax_invoice_mixed.png,invoice,7.43064,14,13,82.352941,MODEL3_synthetic_demo_prompt,2026-07-28T15:09:00,71.428571,14,10,17,False,SYNTHETIC_DEMO_DATA_NOT_REAL_MEASUREMENTS,INVOICE,76 627 204 653,Blackwood,"280 Brown Ln, Battery Point TAS 7004",NOT_FOUND,"131 Henderson Rd, Toowoomba QLD 4350",18/01/2023,Professional consultation services|Brand identity design|Cloud infrastructure migration|NOT_FOUND,3|5|UNKNOWN|3,298.88|2544.55|2818.74|317.03,896.64|12722.75|19731.18|951.09,false,3430.17,37731.83,NOT_FOUND,NOT_FOUND,NOT_FOUND
CASE016_tax_invoice_high_value.png,CASE016_tax_invoice_high_value.png,invoice,10.83015,14,13,82.352941,MODEL3_synthetic_demo_prompt,2026-07-28T15:10:00,57.142857,14,8,17,False,SYNTHETIC_DEMO_DATA_NOT_REAL_MEASUREMENTS,INVOICE,77 755 646 417,Ashcroft Technology Group,"86 Harris Ct, Norwood SA 5067",Ricky Ramirez,"198 Gomez St, Parramatta NSW",20/12/2024,Payroll processing|Corporate training workshop,2|4|1,121.88|74.02|1543.41,2437.58|1543.41,fals,427.71,NOT_FOUND,NOT_FOUND,NOT_FOUND,NOT_FOUND
CASE017_tax_invoice_gst_inclusive.png,CASE017_tax_invoice_gst_inclusive.png,invoice,7.466195,14,14,82.352941,MODEL3_synthetic_demo_prompt,2026-07-28T15:11:00,92.857143,14,13,17,False,SYNTHETIC_DEMO_DATA_NOT_REAL_MEASUREMENTS,INVOICE,89 080 531 003,Metro Chartered Accountants,"20 Rivera Cl, South Yarra VIC 3141",Eric Phillips,"140 Bryan Ln, Richmond VIC 3121",04/08/2024,Corporate training workshop|Cloud infrastructure migration,1|8,3903.18,1222.95|31225.44,false,3244.84,35693.23,NOT_FOUND,NOT_FOUND,NOT_FOUND
CASE018_tax_invoice_standard.png,CASE018_tax_invoice_standard.png,invoice,10.087123,14,12,82.352941,MODEL3_synthetic_demo_prompt,2026-07-28T15:12:00,42.857143,14,6,17,False,SYNTHETIC_DEMO_DATA_NOT_REAL_MEASUREMENTS,INVOIC,13 309 232,Harrowgate & Associates,"340 Edwards Cl, Paddington QLD 4064",NOT_FOUND,"97 Dixon Ln, Fremantle WA",09/08/2023,IT support and maintenance,NOT_FOUND,1750.70,175.07,false,17.51,192.58,NOT_FOUND,NOT_FOUND,NOT_FOUND
CASE019_tax_invoice_high_value.png,CASE019_tax_invoice_high_value.png,invoice,12.183839,14,12,82.352941,MODEL3_synthetic_demo_prompt,2026-07-28T15:13:00,57.142857,14,8,17,False,SYNTHETIC_DEMO_DATA_NOT_REAL_MEASUREMENTS,INVOICE,98 374 529,Southcott Legal,"271 Duffy Ln, Hawthorn East VIC",Erica Mcdaniel,"351 West Rd, Hobart TAS 7000",24/09/2024,NOT_FOUND,UNKNOWN,213.24,10662.00,false,106.62,NOT_FOUND,NOT_FOUND,NOT_FOUND,NOT_FOUND
CASE020_tax_invoice_mixed.png,CASE020_tax_invoice_mixed.png,invoice,12.291938,14,13,82.352941,MODEL3_synthetic_demo_prompt,2026-07-28T15:14:00,57.142857,14,8,17,False,SYNTHETIC_DEMO_DATA_NOT_REAL_MEASUREMENTS,INVOICE,54 419 049,National Business,"84 Allen Way, Fortitude Valley QLD 4006",NOT_FOUND,"179 Estrada Dr, Unley SA 5061",26/12/2024,Marketing campaign,4,175.96,703.84,false,70.38,77.42,NOT_FOUND,NOT_FOUND,NOT_FOUND
CASE021_tax_invoice_high_value.png,CASE021_tax_invoice_high_value.png,invoice,7.879358,14,12,82.352941,MODEL3_synthetic_demo_prompt,2026-07-28T15:15:00,64.285714,14,9,17,False,SYNTHETIC_DEMO_DATA_NOT_REAL_MEASUREMENTS,NOT_FOUND,48 193 149 190,Metro,"190 Harris Rd, Parramatta NSW 2150",Devin Palmer,NOT_FOUND,06/06/2024,Accounting and bookkeeping|Annual report preparation|Due diligence|Professional consultation services,4|7|6|4,147.44|1177.40|410.53|334.59,589.76|8241.80|2463.18|1338.36,false,1263.31,13896.41,NOT_FOUND,NOT_FOUND,NOT_FOUND
CASE022_tax_invoice_mixed.png,CASE022_tax_invoice_mixed.png,invoice,10.268436,14,14,82.352941,MODEL3_synthetic_demo_prompt,2026-07-28T15:16:00,64.285714,14,9,17,False,SYNTHETIC_DEMO_DATA_NOT_REAL_MEASUREMENTS,INVOICE,98 586 518 506,Prime Business Consulting,"394 Watts Blvd, St Kilda VIC 3182",Michael,"44 Carter Ln, St Kilda VIC 3182",09/02/2024,Business strategy consulting|NOT_FOUND|NOT_FOUND,3|NOT_FOUND|2,287.02|887.70|2512.20,861.06|1775.40|502.44,false,345.28,3452.79,NOT_FOUND,NOT_FOUND,NOT_FOUND
CASE023_tax_invoice_standard.png,CASE023_tax_invoice_standard.png,invoice,8.956281,14,12,82.352941,MODEL3_synthetic_demo_prompt,2026-07-28T15:17:00,78.571429,14,11,17,False,SYNTHETIC_DEMO_DATA_NOT_REAL_MEASUREMENTS,INVOICE,52 716 572 628,Regional Marketing Co,"396 Chung Tce, St Kilda VIC 3182",Andrew Richardson,"17 Hall Dr, Fremantle WA 6160",25/09/2024,Legal document preparation|Professional consultation services|Payroll processing services|Tax return preparation,5|1|4|2,336.86|252.23|105.07|789.52,16843.00|420.28|1579.04,false,NOT_FOUND,NOT_FOUND,NOT_FOUND,NOT_FOUND,NOT_FOUND
CASE024_tax_invoice_gst_inclusive.png,CASE024_tax_invoice_gst_inclusive.png,invoice,12.032343,14,13,82.352941,MODEL3_synthetic_demo_prompt,2026-07-28T15:18:00,42.857143,14,6,17,False,SYNTHETIC_DEMO_DATA_NOT_REAL_MEASUREMENTS,INVOIC,93 498 776 945,Underhill Marketing Group,"342 Sherman Ct, Glenelg SA",Katherine Murray,"240 Robinson Ct, Prospect SA",23/11/2024,IT support and|Trademark,UNKNOWN|5,126.22|942.59,504.88|428.45,false,NOT_FOUND,5268.32,NOT_FOUND,NOT_FOUND,NOT_FOUND
CASE025_tax_invoice_gst_inclusive.png,CASE025_tax_invoice_gst_inclusive.png,invoice,7.721665,14,14,82.352941,MODEL3_synthetic_demo_prompt,2026-07-28T15:19:00,78.571429,14,11,17,False,SYNTHETIC_DEMO_DATA_NOT_REAL_MEASUREMENTS,INVOICE,91 314 737 996,Greater Chartered,"149 Navarro Pl, Unley SA",Victoria Smith,"177 Whitaker Rd, Fortitude Valley QLD 4006",15/02/2023,IT support and maintenance|Contract review and drafting,3|6,NOT_FOUND|45.47,607.83|2728.14,false,333.60,3669.57,NOT_FOUND,NOT_FOUND,NOT_FOUND
CASE026_tax_invoice_high_value.png,CASE026_tax_invoice_high_value.png,invoice,7.898062,14,11,82.352941,MODEL3_synthetic_demo_prompt,2026-07-28T15:20:00,71.428571,14,10,17,False,SYNTHETIC_DEMO_DATA_NOT_REAL_MEASUREMENTS,INVOICE,27 507 527 354,Ashcroft & Partners,NOT_FOUND,Christopher Gonzalez,"232 Kelley Ln, Alexandria NSW 2015",NOT_FOUND,Payroll processing services,2,79.71,159.42,NOT_FOUND,15.94,175.36,NOT_FOUND,NOT_FOUND,NOT_FOUND
CASE027_tax_invoice_standard.png,CASE027_tax_invoice_standard.png,invoice,12.226707,14,14,82.352941,MODEL3_synthetic_demo_prompt,2026-07-28T15:21:00,64.285714,14,9,17,False,SYNTHETIC_DEMO_DATA_NOT_REAL_MEASUREMENTS,INVOICE,43 549 480 831,Ellery Business Consulting,"18 Kerr Ct, Paddington QLD 4064",Suzanne Dixon,"187 Edwards Dr, Fremantle WA 6160",19/05/2024,Due diligence review|Legal document preparation|Annual report preparation|Professional consultation services,6|7|5,405.07|482.84|1135.23|227.70,2430.42|965.68|72242.10|1138.50,fals,117.59,12934.69,NOT_FOUND,NOT_FOUND,NOT_FOUND
CASE028_tax_invoice_mixed.png,CASE028_tax_invoice_mixed.png,invoice,7.690015,14,12,82.352941,MODEL3_synthetic_demo_prompt,2026-07-28T15:22:00,50.0,14,7,17,False,SYNTHETIC_DEMO_DATA_NOT_REAL_MEASUREMENTS,INVOICE,NOT_FOUND,Riverside & Associates Accounting,"177 Mercado Ct, Norwood SA 5067",Jon,"349 Jones Ave, Chatswood NSW 2067",NOT_FOUND,Trademark,2,9635.10,19270.20,false,1927.00,2119.72,NOT_FOUND,NOT_FOUND,NOT_FOUND
CASE029_tax_invoice_mixed.png,CASE029_tax_invoice_mixed.png,invoice,11.671897,14,13,82.352941,MODEL3_synthetic_demo_prompt,2026-07-28T15:23:00,78.571429,14,11,17,False,SYNTHETIC_DEMO_DATA_NOT_REAL_MEASUREMENTS,INVOICE,97 143 634,NOT_FOUND,"257 Hood Cres, Parramatta NSW 2150",Kimberly Garcia,"293 Lewis St, Fremantle WA 6160",08/05/2024,Annual report|Brand identity design|Due diligence review,5|5|7,855.05|2540.14|454.57,4275.25|12700.70|3181.99,false,2015.79,22173.73,NOT_FOUND,NOT_FOUND,NOT_FOUND
CASE030_tax_invoice_standard.png,CASE030_tax_invoice_standard.png,invoice,7.901625,14,14,82.352941,MODEL3_synthetic_demo_prompt,2026-07-28T15:24:00,78.571429,14,11,17,False,SYNTHETIC_DEMO_DATA_NOT_REAL_MEASUREMENTS,INVOICE,57 885 685 574,Northern & Associates Accounting,"73 Ballard Cl, Subiaco WA",Ryan Mcguire,"216 Cunningham Ct, Subiaco WA 6008",28/02/2024,Payroll processing services,6,110.06,660.36,fals,66.04,799.04,NOT_FOUND,NOT_FOUND,NOT_FOUND
CASE031_tax_invoice_gst_inclusive.png,CASE031_tax_invoice_gst_inclusive.png,invoice,7.824784,14,13,82.352941,MODEL3_synthetic_demo_prompt,2026-07-28T15:25:00,50.0,14,7,17,False,SYNTHETIC_DEMO_DATA_NOT_REAL_MEASUREMENTS,NOT_FOUND,17 443 135 182,Harbourside Advisory,"318 Watson Dr, Richmond VIC 3121",Ryan,"101 Rodriguez Cres, Fremantle WA 6160",10/05/2023,Professional consultation,5,16.74,837.20,fals,83.72,92.09,NOT_FOUND,NOT_FOUND,NOT_FOUND
CASE032_tax_invoice_high_value.png,CASE032_tax_invoice_high_value.png,invoice,11.751634,14,12,82.352941,MODEL3_synthetic_demo_prompt,2026-07-28T15:26:00,57.142857,14,8,17,False,SYNTHETIC_DEMO_DATA_NOT_REAL_MEASUREMENTS,INVOICE,NOT_FOUND,Southern Creative Agency,"244 Bishop Ln, Alexandria NSW",Jonathan Yates,"63 Davis Ave, Hawthorn East VIC 3123",18/01/2024,Risk assessment review,UNKNOWN,1375.55,3751.50,false,NOT_FOUND,4539.31,NOT_FOUND,NOT_FOUND,NOT_FOUND
CASE033_tax_invoice_high_value.png,CASE033_tax_invoice_high_value.png,invoice,10.792184,14,14,82.352941,MODEL3_synthetic_demo_prompt,2026-07-28T15:27:00,64.285714,14,9,17,False,SYNTHETIC_DEMO_DATA_NOT_REAL_MEASUREMENTS,INVOICE,23 343 524 082,Harrowgate & Associates Accounting,"123 Wyatt Tce, Fortitude Valley QLD 4006",Katherine Gonzalez,"215 Anderson Dr, Subiaco WA 6008",09/02/2024,Software development|Website design and development|Marketing campaign management|Professional consultation services,5|6|7|UNKNOWN,271.44|825.36|143.52|1948.80,1357.20|4952.16|100.46,false,848.33,9331.61,NOT_FOUND,NOT_FOUND,NOT_FOUND
CASE034_tax_invoice_standard.png,CASE034_tax_invoice_standard.png,invoice,8.41984,14,11,82.352941,MODEL3_synthetic_demo_prompt,2026-07-28T15:28:00,71.428571,14,10,17,False,SYNTHETIC_DEMO_DATA_NOT_REAL_MEASUREMENTS,NOT_FOUND,90 400 842 710,Harbourside IT Consulting,"19 Fisher Dr, Leederville WA 6007",NOT_FOUND,"359 Williams Ave, Prospect SA 5082",07/09/2024,Trademark registration,NOT_FOUND,504.79,2019.16,false,201.92,2443.19,NOT_FOUND,NOT_FOUND,NOT_FOUND
CASE035_tax_invoice_gst_inclusive.png,CASE035_tax_invoice_gst_inclusive.png,invoice,9.829674,14,13,82.352941,MODEL3_synthetic_demo_prompt,2026-07-28T15:29:00,71.428571,14,10,17,False,SYNTHETIC_DEMO_DATA_NOT_REAL_MEASUREMENTS,INVOICE,48 947 775 204,Eastwick Solicitors,NOT_FOUND,Allison Davis,"374 Green Way, Hobart TAS 7000",14/06/2023,Trademark registration|Business strategy consulting,3,1078.24|38.80,3234.72|1280.33,false,439.87,4838.53,NOT_FOUND,NOT_FOUND,NOT_FOUND
CASE036_tax_invoice_mixed.png,CASE036_tax_invoice_mixed.png,invoice,9.998699,14,13,82.352941,MODEL3_synthetic_demo_prompt,2026-07-28T15:30:00,57.142857,14,8,17,False,SYNTHETIC_DEMO_DATA_NOT_REAL_MEASUREMENTS,INVOICE,16 711 671 902,Regional Marketing Co,"359 Jackson Cres, Cronulla NSW 2230",NOT_FOUND,"281 Clark Ave, Prospect SA 5082",02/03/2023,NOT_FOUND|Cloud infrastructure migration|Risk assessment review|Payroll processing services,UNKNOWN|5|2|1,NOT_FOUND|3893.22|2155.81|NOT_FOUND,1508.62|19466.10|NOT_FOUND|121.13,false,3859.31,46697.69,NOT_FOUND,NOT_FOUND,NOT_FOUND
CASE037_tax_invoice_high_value.png,CASE037_tax_invoice_high_value.png,invoice,9.770987,14,11,82.352941,MODEL3_synthetic_demo_prompt,2026-07-28T15:31:00,64.285714,14,9,17,False,SYNTHETIC_DEMO_DATA_NOT_REAL_MEASUREMENTS,INVOICE,NOT_FOUND,Eastern Tax & Advisory,NOT_FOUND,Jeremy Zimmerman,NOT_FOUND,26/01/2023,Annual report preparation|Cloud infrastructure migration|Marketing campaign management|Business strategy consulting,3|7|6|5,678.19|5373.91|116.36|451.19,20345.70|37617.37|6981.60|2255.95,false,4260.61,468666.60,NOT_FOUND,NOT_FOUND,NOT_FOUND
CASE038_tax_invoice_gst_inclusive.png,CASE038_tax_invoice_gst_inclusive.png,invoice,11.568146,14,13,82.352941,MODEL3_synthetic_demo_prompt,2026-07-28T15:32:00,57.142857,14,8,17,False,SYNTHETIC_DEMO_DATA_NOT_REAL_MEASUREMENTS,NOT_FOUND,56 993 867,Northern Accounting Group,"286 Roberts Gr, Fortitude Valley QLD 4006",Crystal Sanford,"56 Avery Way, Subiaco WA 6008",15/11/2024,Financial planning services|Professional consultation services|Employee mediation services|Corporate training workshop,4|6|5|UNKNOWN,247.48|285.43|265.08|2865.24,989.92|1712.58|1325.40|859.57,fals,1262.36,15274.58,NOT_FOUND,NOT_FOUND,NOT_FOUND
CASE039_tax_invoice_mixed.png,CASE039_tax_invoice_mixed.png,invoice,11.604777,14,13,82.352941,MODEL3_synthetic_demo_prompt,2026-07-28T15:33:00,78.571429,14,11,17,False,SYNTHETIC_DEMO_DATA_NOT_REAL_MEASUREMENTS,INVOICE,33 649 909 133,Western Brand &,"233 Garcia Ct, New Farm QLD 4005",Richard Thompson,"37 Phillips Pde, Norwood SA 5067",15/02/2023,Accounting and bookkeeping,2,NOT_FOUND,192.20,fals,19.22,211.42,NOT_FOUND,NOT_FOUND,NOT_FOUND
CASE040_tax_invoice_standard.png,CASE040_tax_invoice_standard.png,invoice,8.910297,14,12,82.352941,MODEL3_synthetic_demo_prompt,2026-07-28T15:34:00,57.142857,14,8,17,False,SYNTHETIC_DEMO_DATA_NOT_REAL_MEASUREMENTS,INVOICE,44 412 328 120,NOT_FOUND,"76 Williams Dr, Alexandria NSW 2015",NOT_FOUND,"35 Andersen Ln, Brunswick VIC",26/04/2024,Professional consultation|Financial planning|Contract review and drafting|Marketing campaign,2|7|1|1,292.71|191.63|272.69|199.95,NOT_FOUND|1341.41|199.95,fals,239.95,2639.42,NOT_FOUND,NOT_FOUND,NOT_FOUND
CASE041_tax_invoice_mixed.png,CASE041_tax_invoice_mixed.png,invoice,8.13565,14,13,82.352941,MODEL3_synthetic_demo_prompt,2026-07-28T15:35:00,64.285714,14,9,17,False,SYNTHETIC_DEMO_DATA_NOT_REAL_MEASUREMENTS,NOT_FOUND,43 679 740 344,Carrington Marketing Group,"123 Smith St, Parramatta NSW 2150",Jacob Williamson,"377 Cohen Ave, Cronulla NSW 2230",30/11/2024,Business strategy consulting|Brand identity design|Risk assessment|Cybersecurity assessment,7|2|7|3,265.96|2580.79|2314.57|3781.68,1861.72|16201.99|NOT_FOUND,fals,34570.30,38027.36,NOT_FOUND,NOT_FOUND,NOT_FOUND
CASE042_tax_invoice_gst_inclusive.png,CASE042_tax_invoice_gst_inclusive.png,invoice,9.668058,14,13,82.352941,MODEL3_synthetic_demo_prompt,2026-07-28T15:36:00,57.142857,14,8,17,False,SYNTHETIC_DEMO_DATA_NOT_REAL_MEASUREMENTS,INVOIC,64 713 493 618,Northern Marketing Group,"305 Baker Pde, Leederville WA 6007",NOT_FOUND,"391 Pennington St, Leederville WA",07/11/2024,Software development,UNKNOWN,273.31,1093.24,false,10.93,1202.56,NOT_FOUND,NOT_FOUND,NOT_FOUND
CASE043_tax_invoice_high_value.png,CASE043_tax_invoice_high_value.png,invoice,9.084339,14,13,82.352941,MODEL3_synthetic_demo_prompt,2026-07-28T15:37:00,71.428571,14,10,17,False,SYNTHETIC_DEMO_DATA_NOT_REAL_MEASUREMENTS,INVOIC,21 324 210 249,Regional Solicitors,"361 Kemp Tce, Hobart TAS 7000",Joel Estrada,"382 Romero Rd, Fremantle WA 6160",01/05/2023,NOT_FOUND,8,20.46,1637.04,false,1637.00,1800.74,NOT_FOUND,NOT_FOUND,NOT_FOUND
CASE044_tax_invoice_standard.png,CASE044_tax_invoice_standard.png,invoice,9.603275,14,11,82.352941,MODEL3_synthetic_demo_prompt,2026-07-28T15:38:00,57.142857,14,8,17,False,SYNTHETIC_DEMO_DATA_NOT_REAL_MEASUREMENTS,NOT_FOUND,89 947 174 648,Yarrow Accounting Group,"255 Howard Cl, Prospect SA",Rick Wilson,"213 Hernandez Gr, Prospect SA 5082",NOT_FOUND,Tax return preparation|Contract review and drafting|Business strategy consulting|Cloud infrastructure migration,4|4|7|2,625.15|253.53|445.88|5598.68,2273.28|921.92|3121.16|11197.36,NOT_FOUND,1751.37,1926.51,NOT_FOUND,NOT_FOUND,NOT_FOUND
CASE045_tax_invoice_high_value.png,CASE045_tax_invoice_high_value.png,invoice,12.334669,14,12,82.352941,MODEL3_synthetic_demo_prompt,2026-07-28T15:39:00,57.142857,14,8,17,False,SYNTHETIC_DEMO_DATA_NOT_REAL_MEASUREMENTS,INVOIC,71 877 190 659,Eastern Brand &,"160 Mcmillan St, Hobart TAS 7000",NOT_FOUND,NOT_FOUND,05/03/2023,Annual report preparation|Accounting and bookkeeping,3|NOT_FOUND,119.07,4419.75|238.14,false,465.79,5123.68,NOT_FOUND,NOT_FOUND,NOT_FOUND
CASE046_tax_invoice_standard.png,CASE046_tax_invoice_standard.png,invoice,11.575542,14,12,82.352941,MODEL3_synthetic_demo_prompt,2026-07-28T15:40:00,64.285714,14,9,17,False,SYNTHETIC_DEMO_DATA_NOT_REAL_MEASUREMENTS,INVOICE,43 401 399 049,Riverside Consulting Partners,"188 Oliver Ct, Manuka ACT 2603",Daniel Perry,"213 Hill Gr, Manuka ACT 2603",20/03/2024,Software development services|Corporate training workshop|Due diligence review,2|UNKNOWN|NOT_FOUND,175.28|3083.37|331.30,318.70|16818.36|993.90,NOT_FOUND,1813.10,NOT_FOUND,NOT_FOUND,NOT_FOUND,NOT_FOUND
CASE047_tax_invoice_mixed.png,CASE047_tax_invoice_mixed.png,invoice,10.312681,14,12,82.352941,MODEL3_synthetic_demo_prompt,2026-07-28T15:41:00,71.428571,14,10,17,False,SYNTHETIC_DEMO_DATA_NOT_REAL_MEASUREMENTS,INVOICE,76 027 874,Riverside Accounting Group,NOT_FOUND,Edward Foster,"329 Friedman St, Leederville WA 6007",02/09/2023,Accounting and bookkeeping|Audit services|IT support and maintenance,2|NOT_FOUND|UNKNOWN,142.00|352.91|160.44,284.00|1411.64|802.20,NOT_FOUND,249.78,2747.62,NOT_FOUND,NOT_FOUND,NOT_FOUND
CASE048_tax_invoice_gst_inclusive.png,CASE048_tax_invoice_gst_inclusive.png,invoice,7.994242,14,14,82.352941,MODEL3_synthetic_demo_prompt,2026-07-28T15:42:00,85.714286,14,12,17,False,SYNTHETIC_DEMO_DATA_NOT_REAL_MEASUREMENTS,INVOICE,74 717 565 512,Ashcroft Marketing Group,"156 Smith Pde, South Yarra VIC 3141",Robert,"397 Gomez Tce, Brunswick VIC 3056",02/08/2024,Cloud infrastructure migration|Annual report preparation|Audit services,7|4|UNKNOWN,4851.66|807.98|273.51,33961.62|3231.92|1641.06,false,3883.46,42718.06,NOT_FOUND,NOT_FOUND,NOT_FOUND
CASE049_tax_invoice_high_value.png,CASE049_tax_invoice_high_value.png,invoice,10.180311,14,12,82.352941,MODEL3_synthetic_demo_prompt,2026-07-28T15:43:00,57.142857,14,8,17,False,SYNTHETIC_DEMO_DATA_NOT_REAL_MEASUREMENTS,NOT_FOUND,17 567 468 071,Northern & Associates Accounting,"4 Hanson Ct, Toowoomba QLD",Joseph Chase,"166 Patterson Cres, Battery Point TAS",03/06/2024,Cloud infrastructure migration|Trademark registration,6|2,4977.84|NOT_FOUND,NOT_FOUND|1191.54,false,3105.86,NOT_FOUND,NOT_FOUND,NOT_FOUND,NOT_FOUND
CASE050_tax_invoice_gst_inclusive.png,CASE050_tax_invoice_gst_inclusive.png,invoice,11.460479,14,14,82.352941,MODEL3_synthetic_demo_prompt,2026-07-28T15:44:00,50.0,14,7,17,False,SYNTHETIC_DEMO_DATA_NOT_REAL_MEASUREMENTS,INVOICE,26 545 168 087,Denholm Consulting Partners,"159 Bowman Ln, Richmond VIC 3121",Angela Gardner,"133 Anderson Pl, Subiaco WA",05/09/2023,NOT_FOUND|Legal document|NOT_FOUND|Due diligence review,8|UNKNOWN|5|NOT_FOUND,1982.33|226.23|313.75|565.43,15858.64|14396.20|3958.01,false,2282.50,251075.20,NOT_FOUND,NOT_FOUND,NOT_FOUND
CASE051_tax_invoice_mixed.png,CASE051_tax_invoice_mixed.png,invoice,9.22638,14,13,82.352941,MODEL3_synthetic_demo_prompt,2026-07-28T15:45:00,57.142857,14,8,17,False,SYNTHETIC_DEMO_DATA_NOT_REAL_MEASUREMENTS,INVOIC,37 603 859 770,Eastern IT Consulting,"136 Mills Cres, Fortitude Valley QLD 4006",Daniel Lester,"340 Coleman St, Chatswood NSW",NOT_FOUND,Business strategy consulting|Website design and|Annual report|Tax return preparation,8|UNKNOWN|UNKNOWN|UNKNOWN,436.05|1858.54|79.49|49.31,3488.40|7434.16|794.86|3944.96,false,1566.24,17228.62,NOT_FOUND,NOT_FOUND,NOT_FOUND
CASE052_tax_invoice_standard.png,CASE052_tax_invoice_standard.png,invoice,11.259222,14,13,82.352941,MODEL3_synthetic_demo_prompt,2026-07-28T15:46:00,64.285714,14,9,17,False,SYNTHETIC_DEMO_DATA_NOT_REAL_MEASUREMENTS,NOT_FOUND,95 348 247 710,Harbourside Marketing Group,"48 White Pde, Fortitude Valley QLD",Karen Hunter,"175 Hall St, Hobart TAS 7000",09/02/2023,Trademark registration|Tax return preparation,7|UNKNOWN,979.68|NOT_FOUND,6857.76|5540.99,false,1239.88,136386.30,NOT_FOUND,NOT_FOUND,NOT_FOUND
CASE053_tax_invoice_standard.png,CASE053_tax_invoice_standard.png,invoice,12.089819,14,12,82.352941,MODEL3_synthetic_demo_prompt,2026-07-28T15:47:00,64.285714,14,9,17,False,SYNTHETIC_DEMO_DATA_NOT_REAL_MEASUREMENTS,INVOICE,34 932 480 861,NOT_FOUND,"269 Carter Tce, Leederville WA 6007",NOT_FOUND,"294 Green Ave, Cronulla NSW 2230",08/03/2024,Trademark|IT support and,7|3,136.56,5831.84|409.68,false,686.57,6865.67,NOT_FOUND,NOT_FOUND,NOT_FOUND
CASE054_tax_invoice_mixed.png,CASE054_tax_invoice_mixed.png,invoice,12.270154,14,12,82.352941,MODEL3_synthetic_demo_prompt,2026-07-28T15:48:00,57.142857,14,8,17,False,SYNTHETIC_DEMO_DATA_NOT_REAL_MEASUREMENTS,INVOICE,87 317 127 484,Riverside Legal Group,"235 Owens Gr, Cronulla NSW",Dawn Cummings,NOT_FOUND,16/03/2024,Website design and|Financial planning services|Tax return preparation,1|1|3,NOT_FOUND|NOT_FOUND|NOT_FOUND,1563.08|331.21|1690.26,NOT_FOUND,358.46,3943.01,NOT_FOUND,NOT_FOUND,NOT_FOUND
CASE055_tax_invoice_high_value.png,CASE055_tax_invoice_high_value.png,invoice,8.938162,14,14,82.352941,MODEL3_synthetic_demo_prompt,2026-07-28T15:49:00,92.857143,14,13,17,False,SYNTHETIC_DEMO_DATA_NOT_REAL_MEASUREMENTS,INVOICE,45 677 378 263,Eastern Tax & Advisory,"203 Barrett Dr, Manuka ACT 2603",Sean Lewis,"189 Cervantes Blvd, Newtown NSW 2042",01/10/2024,Tax return preparation|Accounting and|Corporate training workshop,2|1|5,614.01|104.12|1538.47,1228.02|104.12|7692.35,false,902.45,9926.94,NOT_FOUND,NOT_FOUND,NOT_FOUND
CASE001_receipt_fuel.png,CASE001_receipt_fuel.png,receipt,7.549957,12,12,70.588235,MODEL3_synthetic_demo_prompt,2026-07-28T15:50:00,91.666667,12,11,17,False,SYNTHETIC_DEMO_DATA_NOT_REAL_MEASUREMENTS,RECEIPT,79 104 332 181,Ravensdale Health Store,"400 Stewart Rd, South Yarra VIC 3141",NOT_FOUND,NOT_FOUND,08/07/2024,Dishwashing Liquid|Bandaids 40pk,1|1,4.73|8.87,4.73|8.87,true,1.24,13.60,NOT_FOUND,NOT_FOUND,NOT_FOUND
CASE002_receipt_hospitality.png,CASE002_receipt_hospitality.png,receipt,7.477487,12,12,70.588235,MODEL3_synthetic_demo_prompt,2026-07-28T15:51:00,83.333333,12,10,17,False,SYNTHETIC_DEMO_DATA_NOT_REAL_MEASUREMENTS,RECEIPT,85 960 013 389,Prime Bottle,"13 Mendoza Cl, Glenelg SA 5045",NOT_FOUND,NOT_FOUND,16/08/2023,Milk 2L,1,3.76,3.76,tru,0.34,3.76,NOT_FOUND,NOT_FOUND,NOT_FOUND
CASE003_receipt_retail_tax.png,CASE003_receipt_retail_tax.png,receipt,6.612012,12,10,70.588235,MODEL3_synthetic_demo_prompt,2026-07-28T15:52:00,66.666667,12,8,17,False,SYNTHETIC_DEMO_DATA_NOT_REAL_MEASUREMENTS,RECEIPT,61 083 863 794,Wakeling Bottle Shop,NOT_FOUND,NOT_FOUND,NOT_FOUND,15/03/2024,Yoghurt Tub 1kg|Potting Mix 25L|Chips BBQ 175g|Olive Oil 500ml|USB Hub 4-port,2|2|1|2|2,9.45|16.29|3.77|8.40|2.23,18.90|32.58|3.77|1.68|44.66,true,NOT_FOUND,116.71,NOT_FOUND,NOT_FOUND,NOT_FOUND
CASE004_receipt_professional.png,CASE004_receipt_professional.png,receipt,7.281248,12,12,70.588235,MODEL3_synthetic_demo_prompt,2026-07-28T15:53:00,75.0,12,9,17,False,SYNTHETIC_DEMO_DATA_NOT_REAL_MEASUREMENTS,RECEIPT,50 026 542,Tremayne AV & Appliances,"276 Elliott Pl, Paddington QLD 4064",NOT_FOUND,NOT_FOUND,18/02/2024,Yoghurt Tub 1kg|Chips BBQ 175g|Dishwashing Liquid|Car Vacuum Cleaner,3|1|2|1,8.25|4.71|4.28|31.98,24.75|47.10|8.56|31.98,true,0.64,70.00,NOT_FOUND,NOT_FOUND,NOT_FOUND
CASE005_receipt_thermal_80mm.png,CASE005_receipt_thermal_80mm.png,receipt,7.044225,12,12,70.588235,MODEL3_synthetic_demo_prompt,2026-07-28T15:54:00,83.333333,12,10,17,False,SYNTHETIC_DEMO_DATA_NOT_REAL_MEASUREMENTS,RECEIPT,94 161 559 407,Marchbank,"180 Swanson Way, Hobart TAS 7000",NOT_FOUND,NOT_FOUND,29/11/2024,Cereal Box 500g|Potting Mix 25L,1|2,8.94|15.37,8.94|NOT_FOUND,true,3.61,39.68,NOT_FOUND,NOT_FOUND,NOT_FOUND
CASE006_receipt_thermal_57mm.png,CASE006_receipt_thermal_57mm.png,receipt,6.703389,12,11,70.588235,MODEL3_synthetic_demo_prompt,2026-07-28T15:55:00,66.666667,12,8,17,False,SYNTHETIC_DEMO_DATA_NOT_REAL_MEASUREMENTS,NOT_FOUND,22 816 184 959,Southern Motor,"318 Salazar Ct, Manuka ACT 2603",NOT_FOUND,NOT_FOUND,17/09/2023,Paint Brush Set|Garden Hose 20m|Printer Paper A4 500pk,2|1|2,28.31|102.30|14.12,56.62|NOT_FOUND|28.24,true,17.01,1871.60,NOT_FOUND,NOT_FOUND,NOT_FOUND
CASE007_receipt_fuel.png,CASE007_receipt_fuel.png,receipt,7.803312,12,12,70.588235,MODEL3_synthetic_demo_prompt,2026-07-28T15:56:00,66.666667,12,8,17,False,SYNTHETIC_DEMO_DATA_NOT_REAL_MEASUREMENTS,RECEIPT,92 310 341 316,Northern Retail Co,"8 Haas Ct, Toowoomba QLD 4350",NOT_FOUND,NOT_FOUND,05/08/2024,Sunscreen SPF50 200ml|Batteries AA 8pk|Shampoo|Printer Paper A4 500pk|Pasta 500g|Car Air Freshener,3|UNKNOWN|3|3|3|3,15.04|15.23|11.55|14.69|3.11,45.12|45.69|34.65|44.07|NOT_FOUND|35.74,true,19.21,211.35,NOT_FOUND,NOT_FOUND,NOT_FOUND
CASE008_receipt_thermal_80mm.png,CASE008_receipt_thermal_80mm.png,receipt,7.056848,12,11,70.588235,MODEL3_synthetic_demo_prompt,2026-07-28T15:57:00,58.333333,12,7,17,False,SYNTHETIC_DEMO_DATA_NOT_REAL_MEASUREMENTS,RECEIPT,14 475 255 341,Ashcroft Fresh Market,"114 Russell St, Cronulla NSW 2230",NOT_FOUND,NOT_FOUND,15/10/2024,Chicken Breast 500g|Motor Oil 5L|Potting Mix,3|2|2|2,9.43|3.08|39.86|17.60,28.29|61.52|79.72|35.20,tru,18.61,NOT_FOUND,NOT_FOUND,NOT_FOUND,NOT_FOUND
CASE009_receipt_retail_tax.png,CASE009_receipt_retail_tax.png,receipt,6.998812,12,12,70.588235,MODEL3_synthetic_demo_prompt,2026-07-28T15:58:00,75.0,12,9,17,False,SYNTHETIC_DEMO_DATA_NOT_REAL_MEASUREMENTS,RECEIP,90 928 327 648,Bramwell Office,"138 Thomas Ln, Unley SA 5061",NOT_FOUND,NOT_FOUND,15/05/2023,Shampoo 400ml,3,9.28,278.40,true,2.53,27.84,NOT_FOUND,NOT_FOUND,NOT_FOUND
CASE010_receipt_thermal_57mm.png,CASE010_receipt_thermal_57mm.png,receipt,6.14654,12,12,70.588235,MODEL3_synthetic_demo_prompt,2026-07-28T15:59:00,83.333333,12,10,17,False,SYNTHETIC_DEMO_DATA_NOT_REAL_MEASUREMENTS,RECEIPT,63 350 305 641,Riverside Trade Supplies,"306 Wheeler Rd, Norwood SA 5067",NOT_FOUND,NOT_FOUND,24/07/2023,Car Air Freshener|Coffee Beans 1kg|Kitchen Sponge 6pk,3|1|2|2,10.95|21.62|26.44|NOT_FOUND,32.85|21.62|52.88|13.72,true,11.01,121.07,NOT_FOUND,NOT_FOUND,NOT_FOUND
CASE011_receipt_hospitality.png,CASE011_receipt_hospitality.png,receipt,7.772638,12,10,70.588235,MODEL3_synthetic_demo_prompt,2026-07-28T15:00:00,75.0,12,9,17,False,SYNTHETIC_DEMO_DATA_NOT_REAL_MEASUREMENTS,RECEIPT,NOT_FOUND,National Corner Market,"90 Nash Pl, Cronulla NSW 2230",NOT_FOUND,NOT_FOUND,26/09/2023,Chips BBQ 175g|Tomato Sauce 500ml,1|3,5.80|3.61,5.80|10.83,true,1.51,NOT_FOUND,NOT_FOUND,NOT_FOUND,NOT_FOUND
CASE012_receipt_professional.png,CASE012_receipt_professional.png,receipt,9.120718,12,11,70.588235,MODEL3_synthetic_demo_prompt,2026-07-28T15:01:00,75.0,12,9,17,False,SYNTHETIC_DEMO_DATA_NOT_REAL_MEASUREMENTS,RECEIPT,55 238 849 696,Ockendon General Store,"349 Gibson Pde, South Yarra VIC 3141",NOT_FOUND,NOT_FOUND,14/08/2023,HDMI Cable 2m|Paint Brush Set|NOT_FOUND,1|1|3,27.09|18.93|13.41,27.09|18.93|40.23,NOT_FOUND,7.84,862.50,NOT_FOUND,NOT_FOUND,NOT_FOUND
CASE013_receipt_retail_tax.png,CASE013_receipt_retail_tax.png,receipt,9.680855,12,12,70.588235,MODEL3_synthetic_demo_prompt,2026-07-28T15:02:00,75.0,12,9,17,False,SYNTHETIC_DEMO_DATA_NOT_REAL_MEASUREMENTS,RECEIP,16 532 871 012,Tremayne Business Supplies,"381 Cruz Rd, Leederville WA",NOT_FOUND,NOT_FOUND,17/06/2023,NOT_FOUND|Garden Hose 20m|Tomato Sauce|Frozen Pizza,2|1|2|1,5.94|60.68|2.68|9.22,11.88|60.68|5.36|9.22,true,7.92,87.14,NOT_FOUND,NOT_FOUND,NOT_FOUND
CASE014_receipt_thermal_57mm.png,CASE014_receipt_thermal_57mm.png,receipt,7.973166,12,12,70.588235,MODEL3_synthetic_demo_prompt,2026-07-28T15:03:00,83.333333,12,10,17,False,SYNTHETIC_DEMO_DATA_NOT_REAL_MEASUREMENTS,RECEIPT,64 269 166 978,Southcott Trade Supplies,"87 Hubbard Ct, Newtown NSW 2042",NOT_FOUND,NOT_FOUND,10/09/2024,Batteries AA 8pk|USB Hub 4-port|Laundry Powder 2kg,NOT_FOUND|3|NOT_FOUND,17.94|38.80|NOT_FOUND,53.82|116.40|13.36,true,16.69,183.58,NOT_FOUND,NOT_FOUND,NOT_FOUND
CASE015_receipt_hospitality.png,CASE015_receipt_hospitality.png,receipt,7.327974,12,11,70.588235,MODEL3_synthetic_demo_prompt,2026-07-28T15:04:00,66.666667,12,8,17,False,SYNTHETIC_DEMO_DATA_NOT_REAL_MEASUREMENTS,RECEIPT,86 480 184 514,National Discount Chemist,"207 Anthony St, South Yarra VIC",NOT_FOUND,NOT_FOUND,25/01/2023,Olive Oil 500ml|Frozen Pizza,1|1|2,16.81|10.02|8.92,16.81|10.02|17.84,NOT_FOUND,40.60,44.67,NOT_FOUND,NOT_FOUND,NOT_FOUND
CASE016_receipt_thermal_80mm.png,CASE016_receipt_thermal_80mm.png,receipt,8.301564,12,12,70.588235,MODEL3_synthetic_demo_prompt,2026-07-28T15:05:00,75.0,12,9,17,False,SYNTHETIC_DEMO_DATA_NOT_REAL_MEASUREMENTS,RECEIP,45 627 048 281,Central Timber & Tools,"286 Miller Ln, Prospect SA 5082",NOT_FOUND,NOT_FOUND,30/12/2024,Pasta 500g|HDMI Cable 2m|Drill Bit Set|Beer Case 24|Phone Case|Car Vacuum Cleaner,UNKNOWN|1|3|2|1|1,3.85|32.94|56.99|69.48|17.05|40.83,3.85|32.94|188.07|138.96|18.76|40.83,true,36.78,404.60,NOT_FOUND,NOT_FOUND,NOT_FOUND
CASE017_receipt_fuel.png,CASE017_receipt_fuel.png,receipt,7.98932,12,11,70.588235,MODEL3_synthetic_demo_prompt,2026-07-28T15:06:00,58.333333,12,7,17,False,SYNTHETIC_DEMO_DATA_NOT_REAL_MEASUREMENTS,RECEIP,86 489 325 288,Eastern Trade Supplies,NOT_FOUND,NOT_FOUND,NOT_FOUND,16/08/2024,Garden Hose|Pasta 500g,UNKNOWN|3,39.97|2.53,79.94|7.59,tru,7.96,87.53,NOT_FOUND,NOT_FOUND,NOT_FOUND
CASE018_receipt_professional.png,CASE018_receipt_professional.png,receipt,7.947954,12,12,70.588235,MODEL3_synthetic_demo_prompt,2026-07-28T15:07:00,58.333333,12,7,17,False,SYNTHETIC_DEMO_DATA_NOT_REAL_MEASUREMENTS,RECEIPT,10 095 701 543,National Tyre & Auto,"67 Holt Pde, Toowoomba QLD 4350",NOT_FOUND,NOT_FOUND,08/08/2023,HDMI Cable 2m|NOT_FOUND|Pasta 500g|Sparkling Water 12pk|Beer Case 24,3|NOT_FOUND|2|UNKNOWN|1,24.46|32.07|1.89|11.75|60.70,73.38|96.21|3.78|35.25|55.18,tru,239.80,263.80,NOT_FOUND,NOT_FOUND,NOT_FOUND
CASE019_receipt_professional.png,CASE019_receipt_professional.png,receipt,8.420495,12,11,70.588235,MODEL3_synthetic_demo_prompt,2026-07-28T15:08:00,50.0,12,6,17,False,SYNTHETIC_DEMO_DATA_NOT_REAL_MEASUREMENTS,NOT_FOUND,77 039 117 182,Southcott Discount Chemist,"271 Manning Dr, Battery Point TAS 7004",NOT_FOUND,NOT_FOUND,03/09/2024,NOT_FOUND|Tomato Sauce 500ml|NOT_FOUND|Toilet Paper 12pk,1|1|1,6.51|0.29|34.22|0.99,6.51|2.86|68.44|98.90,tru,7.97,87.70,NOT_FOUND,NOT_FOUND,NOT_FOUND
CASE020_receipt_thermal_80mm.png,CASE020_receipt_thermal_80mm.png,receipt,7.938122,12,11,70.588235,MODEL3_synthetic_demo_prompt,2026-07-28T15:09:00,75.0,12,9,17,False,SYNTHETIC_DEMO_DATA_NOT_REAL_MEASUREMENTS,RECEIPT,76 278 248 963,Regional Tyre & Auto,"162 Martin Gr, Fortitude Valley QLD 4006",NOT_FOUND,NOT_FOUND,NOT_FOUND,Garden Hose 20m|Chicken Breast 500g|Car Vacuum Cleaner,3|1|3|3,47.84|11.11|60.16|115.50,143.52|11.11|164.07|34.65,true,32.12,353.35,NOT_FOUND,NOT_FOUND,NOT_FOUND
CASE021_receipt_fuel.png,CASE021_receipt_fuel.png,receipt,7.416407,12,11,70.588235,MODEL3_synthetic_demo_prompt,2026-07-28T15:10:00,75.0,12,9,17,False,SYNTHETIC_DEMO_DATA_NOT_REAL_MEASUREMENTS,RECEIPT,19 834 657 871,NOT_FOUND,"249 Tran Dr, St Kilda VIC 3182",NOT_FOUND,NOT_FOUND,25/06/2024,Beer Case 24,UNKNOWN,49.49,98.98,true,90.00,98.98,NOT_FOUND,NOT_FOUND,NOT_FOUND
CASE022_receipt_retail_tax.png,CASE022_receipt_retail_tax.png,receipt,8.014976,12,11,70.588235,MODEL3_synthetic_demo_prompt,2026-07-28T15:11:00,58.333333,12,7,17,False,SYNTHETIC_DEMO_DATA_NOT_REAL_MEASUREMENTS,RECEIPT,98 331 509,Lonsdale Liquor Merchants,"305 Rogers Dr, Brunswick VIC 3056",NOT_FOUND,NOT_FOUND,16/02/2024,Garden Hose 20m,NOT_FOUND|UNKNOWN,24.06|60.90,48.12|60.90,true,NOT_FOUND,119.92,NOT_FOUND,NOT_FOUND,NOT_FOUND
CASE023_receipt_hospitality.png,CASE023_receipt_hospitality.png,receipt,7.059704,12,12,70.588235,MODEL3_synthetic_demo_prompt,2026-07-28T15:12:00,75.0,12,9,17,False,SYNTHETIC_DEMO_DATA_NOT_REAL_MEASUREMENTS,RECEIPT,22 301 031 051,Penhallow Petroleum,"361 Montgomery Pde, Richmond VIC 3121",NOT_FOUND,NOT_FOUND,15/09/2024,Tomato Sauce 500ml|Wiper Blades Pair|Motor Oil 5L,1|3,NOT_FOUND|34.91|50.46,4.86|69.82|151.38,true,20.55,226.06,NOT_FOUND,NOT_FOUND,NOT_FOUND
CASE024_receipt_thermal_57mm.png,CASE024_receipt_thermal_57mm.png,receipt,6.818112,12,12,70.588235,MODEL3_synthetic_demo_prompt,2026-07-28T15:13:00,75.0,12,9,17,False,SYNTHETIC_DEMO_DATA_NOT_REAL_MEASUREMENTS,RECEIPT,12 834 738 299,Coastal Wine & Spirits,"339 Tucker Ct, South Yarra VIC 3141",NOT_FOUND,NOT_FOUND,23/11/2024,Screwdriver Set|Motor Oil 5L|Batteries AA 8pk|Wine Red,3|2|2|1,18.84|30.58|11.49|15.26,56.52|61.16|22.98|15.26,true,141.70,171.51,NOT_FOUND,NOT_FOUND,NOT_FOUND
CASE025_receipt_professional.png,CASE025_receipt_professional.png,receipt,6.951594,12,11,70.588235,MODEL3_synthetic_demo_prompt,2026-07-28T15:14:00,50.0,12,6,17,False,SYNTHETIC_DEMO_DATA_NOT_REAL_MEASUREMENTS,RECEIP,58 737 631 165,Ellery Grocer,"240 Gonzalez Dr, Hawthorn East VIC 3123",NOT_FOUND,NOT_FOUND,14/02/2023,Bandaids 40pk|Coffee Beans 1kg|NOT_FOUND,2|1,6.22|29.40|14.46,NOT_FOUND|14.46,NOT_FOUND,10.46,115.10,NOT_FOUND,NOT_FOUND,NOT_FOUND
CASE026_receipt_fuel.png,CASE026_receipt_fuel.png,receipt,9.979671,12,10,70.588235,MODEL3_synthetic_demo_prompt,2026-07-28T15:15:00,58.333333,12,7,17,False,SYNTHETIC_DEMO_DATA_NOT_REAL_MEASUREMENTS,RECEIPT,64 667 010 651,Norcott General Store,"51 Goodwin Gr, Toowoomba QLD",NOT_FOUND,NOT_FOUND,15/12/2023,Car Air Freshener|Toilet Paper 12pk|USB Hub 4-port|Phone Case|Printer Paper A4 500pk,1|3|1,10.38|8.35|31.03|31.13|8.64,31.14|8.35|93.09|31.13|8.64,tru,NOT_FOUND,NOT_FOUND,NOT_FOUND,NOT_FOUND,NOT_FOUND
CASE027_receipt_hospitality.png,CASE027_receipt_hospitality.png,receipt,7.203536,12,12,70.588235,MODEL3_synthetic_demo_prompt,2026-07-28T15:16:00,75.0,12,9,17,False,SYNTHETIC_DEMO_DATA_NOT_REAL_MEASUREMENTS,RECEIPT,35 333 872 624,Dunmore Stationery Co,"240 Ray Blvd, Glenelg SA 5045",NOT_FOUND,NOT_FOUND,11/05/2024,Shampoo 400ml|Cereal Box 500g|Hand Soap Refill 1L|Olive Oil 500ml|Extension Cord 10m,2|NOT_FOUND|3|2|3,7.09|6.88|11.15|1.96,14.18|NOT_FOUND|20.64|22.30|58.74,true,10.94,120.38,NOT_FOUND,NOT_FOUND,NOT_FOUND
CASE028_receipt_thermal_57mm.png,CASE028_receipt_thermal_57mm.png,receipt,8.821335,12,11,70.588235,MODEL3_synthetic_demo_prompt,2026-07-28T15:17:00,58.333333,12,7,17,False,SYNTHETIC_DEMO_DATA_NOT_REAL_MEASUREMENTS,RECEIPT,NOT_FOUND,Capital General Store,"238 Ramsey Cl, New Farm QLD 4005",NOT_FOUND,NOT_FOUND,08/01/2023,Extension Cord 10m|Yoghurt Tub 1kg|Car Vacuum Cleaner|Screwdriver,1|3|3|NOT_FOUND|2,40.46|NOT_FOUND|68.39|4.61|33.72,40.46|19.92|205.17|13.83|67.44,tru,31.53,346.82,NOT_FOUND,NOT_FOUND,NOT_FOUND
CASE029_receipt_retail_tax.png,CASE029_receipt_retail_tax.png,receipt,6.735332,12,12,70.588235,MODEL3_synthetic_demo_prompt,2026-07-28T15:18:00,91.666667,12,11,17,False,SYNTHETIC_DEMO_DATA_NOT_REAL_MEASUREMENTS,RECEIPT,54 132 677,Wakeling Liquor Merchants,"72 Hartman Ln, Subiaco WA 6008",NOT_FOUND,NOT_FOUND,21/05/2024,USB Hub 4-port,1,15.51,15.51,true,1.41,15.51,NOT_FOUND,NOT_FOUND,NOT_FOUND
CASE030_receipt_thermal_80mm.png,CASE030_receipt_thermal_80mm.png,receipt,10.057614,12,12,70.588235,MODEL3_synthetic_demo_prompt,2026-07-28T15:19:00,100.0,12,12,17,False,SYNTHETIC_DEMO_DATA_NOT_REAL_MEASUREMENTS,RECEIPT,94 260 647 468,Ibbotson Building Centre,"340 Ferguson Cl, Norwood SA 5067",NOT_FOUND,NOT_FOUND,29/02/2024,Panadol 24pk|Dishwashing Liquid|Chips BBQ 175g|Screwdriver Set|Wiper Blades Pair,2|2|3|2|3,6.92|5.56|5.93|29.38|22.90,13.84|11.12|17.79|58.76|68.70,true,15.47,170.21,NOT_FOUND,NOT_FOUND,NOT_FOUND
CASE031_receipt_hospitality.png,CASE031_receipt_hospitality.png,receipt,9.220953,12,10,70.588235,MODEL3_synthetic_demo_prompt,2026-07-28T15:20:00,66.666667,12,8,17,False,SYNTHETIC_DEMO_DATA_NOT_REAL_MEASUREMENTS,RECEIPT,NOT_FOUND,Western Trade,"50 Cardenas Blvd, Cronulla NSW 2230",NOT_FOUND,NOT_FOUND,03/05/2023,Milk,2,NOT_FOUND,10.62,true,0.97,10.62,NOT_FOUND,NOT_FOUND,NOT_FOUND
CASE032_receipt_fuel.png,CASE032_receipt_fuel.png,receipt,8.731162,12,12,70.588235,MODEL3_synthetic_demo_prompt,2026-07-28T15:21:00,91.666667,12,11,17,False,SYNTHETIC_DEMO_DATA_NOT_REAL_MEASUREMENTS,RECEIPT,24 500 978 820,Norcott Motor Spares,"292 Lewis Cres, Leederville WA 6007",NOT_FOUND,NOT_FOUND,16/01/2024,Drill Bit Set|Pens Ballpoint 10pk,3|3,74.45|8.26,223.35|24.78,true,24.82,248.13,NOT_FOUND,NOT_FOUND,NOT_FOUND
CASE033_receipt_retail_tax.png,CASE033_receipt_retail_tax.png,receipt,8.742207,12,11,70.588235,MODEL3_synthetic_demo_prompt,2026-07-28T15:22:00,50.0,12,6,17,False,SYNTHETIC_DEMO_DATA_NOT_REAL_MEASUREMENTS,RECEIPT,36 812 191,Riverside Automotive Supplies,"208 Delgado Tce, New Farm QLD 4005",NOT_FOUND,NOT_FOUND,02/02/2024,Cereal Box 500g|Pens Ballpoint 10pk|Printer Paper A4 500pk|HDMI Cable 2m,3|1|NOT_FOUND|2,8.96|10.22|14.09|27.48,26.88|NOT_FOUND|42.27|54.96,true,12.13,NOT_FOUND,NOT_FOUND,NOT_FOUND,NOT_FOUND
CASE034_receipt_thermal_80mm.png,CASE034_receipt_thermal_80mm.png,receipt,9.632178,12,12,70.588235,MODEL3_synthetic_demo_prompt,2026-07-28T15:23:00,83.333333,12,10,17,False,SYNTHETIC_DEMO_DATA_NOT_REAL_MEASUREMENTS,RECEIPT,42 939 909 169,Ashby AV & Appliances,"191 Miller Ct, Fremantle WA 6160",NOT_FOUND,NOT_FOUND,26/09/2024,Potting Mix 25L|NOT_FOUND|Milk 2L|Tomato Sauce 500ml|USB Hub,1|1|1|UNKNOWN|UNKNOWN,15.97|9.61|4.65|2.80|40.47,15.97|9.61|4.65|2.80|121.41,true,14.04,154.44,NOT_FOUND,NOT_FOUND,NOT_FOUND
CASE035_receipt_thermal_57mm.png,CASE035_receipt_thermal_57mm.png,receipt,9.020832,12,11,70.588235,MODEL3_synthetic_demo_prompt,2026-07-28T15:24:00,83.333333,12,10,17,False,SYNTHETIC_DEMO_DATA_NOT_REAL_MEASUREMENTS,RECEIPT,81 985 435 346,Underhill Chemist,"305 Livingston Blvd, Brunswick VIC 3056",NOT_FOUND,NOT_FOUND,04/06/2023,Extension Cord 10m|Toilet Paper 12pk|Chicken Breast 500g,2|3|3|3,38.40|10.96|9.34|13.29,76.80|32.88|28.02|39.87,NOT_FOUND,16.14,177.57,NOT_FOUND,NOT_FOUND,NOT_FOUND
CASE036_receipt_professional.png,CASE036_receipt_professional.png,receipt,8.924531,12,12,70.588235,MODEL3_synthetic_demo_prompt,2026-07-28T15:25:00,75.0,12,9,17,False,SYNTHETIC_DEMO_DATA_NOT_REAL_MEASUREMENTS,RECEIPT,73 247 510,Riverside Auto Parts,"279 Singh Cl, Fortitude Valley QLD 4006",NOT_FOUND,NOT_FOUND,01/03/2023,Olive Oil 500ml|Dishwashing Liquid|Frozen Pizza|LED Light Bulb 4pk,3|3|NOT_FOUND|3,9.33|4.97|9.86|20.39,27.99|14.91|29.58|61.17,true,12.15,133.65,NOT_FOUND,NOT_FOUND,NOT_FOUND
CASE037_receipt_professional.png,CASE037_receipt_professional.png,receipt,9.727913,12,12,70.588235,MODEL3_synthetic_demo_prompt,2026-07-28T15:26:00,83.333333,12,10,17,False,SYNTHETIC_DEMO_DATA_NOT_REAL_MEASUREMENTS,RECEIPT,90 118 384 251,Yarrow Print & Office,"136 Malone Ln, Norwood SA 5067",NOT_FOUND,NOT_FOUND,24/01/2023,Potting Mix|Wiper Blades Pair,3|1,15.12|30.30,45.36|30.30,true,6.88,7.57,NOT_FOUND,NOT_FOUND,NOT_FOUND
CASE038_receipt_thermal_80mm.png,CASE038_receipt_thermal_80mm.png,receipt,7.756025,12,11,70.588235,MODEL3_synthetic_demo_prompt,2026-07-28T15:27:00,75.0,12,9,17,False,SYNTHETIC_DEMO_DATA_NOT_REAL_MEASUREMENTS,RECEIPT,96 354 278 498,Metro Emporium,"29 Snyder Blvd, Glenelg SA 5045",NOT_FOUND,NOT_FOUND,07/11/2024,Bread White 700g|Yoghurt Tub 1kg|Drill Bit Set|Car Vacuum Cleaner|Screwdriver Set,NOT_FOUND|2|2|NOT_FOUND|2,4.53|7.12|28.46|52.96|27.11,4.53|14.24|56.92|105.92|54.22,tru,21.44,NOT_FOUND,NOT_FOUND,NOT_FOUND,NOT_FOUND
CASE039_receipt_retail_tax.png,CASE039_receipt_retail_tax.png,receipt,7.328211,12,11,70.588235,MODEL3_synthetic_demo_prompt,2026-07-28T15:28:00,66.666667,12,8,17,False,SYNTHETIC_DEMO_DATA_NOT_REAL_MEASUREMENTS,RECEIP,31 084 124 118,Wakeling Tyre & Auto,NOT_FOUND,NOT_FOUND,NOT_FOUND,06/02/2023,LED Light Bulb 4pk,1,22.04,24.24,tru,2.00,22.04,NOT_FOUND,NOT_FOUND,NOT_FOUND
CASE040_receipt_thermal_57mm.png,CASE040_receipt_thermal_57mm.png,receipt,9.656766,12,11,70.588235,MODEL3_synthetic_demo_prompt,2026-07-28T15:29:00,83.333333,12,10,17,False,SYNTHETIC_DEMO_DATA_NOT_REAL_MEASUREMENTS,RECEIPT,46 244 935 348,Harrowgate Department Store,"365 Cook Ct, Brunswick VIC 3056",NOT_FOUND,NOT_FOUND,28/04/2024,Hand Soap Refill 1L|Bread White 700g|Paint Brush Set|Garden Hose 20m|Motor Oil 5L,UNKNOWN|1|1|1,12.34|4.33|30.54|62.77|31.78,12.34|4.33|91.62|62.77|31.78,true,18.44,NOT_FOUND,NOT_FOUND,NOT_FOUND,NOT_FOUND
CASE041_receipt_fuel.png,CASE041_receipt_fuel.png,receipt,8.553441,12,11,70.588235,MODEL3_synthetic_demo_prompt,2026-07-28T15:30:00,58.333333,12,7,17,False,SYNTHETIC_DEMO_DATA_NOT_REAL_MEASUREMENTS,RECEIPT,14 740 164 005,Penhallow Print & Office,"235 Burton Ct, Glenelg SA 5045",NOT_FOUND,NOT_FOUND,02/11/2024,HDMI Cable 2m|Drill Bit Set|NOT_FOUND|Paint Brush Set|Wine Red 750ml,3|1|3|1|NOT_FOUND,14.40|25.03|10.59|32.12|1.96,43.20|25.03|31.77|NOT_FOUND|19.59,NOT_FOUND,13.79,151.71,NOT_FOUND,NOT_FOUND,NOT_FOUND
CASE042_receipt_hospitality.png,CASE042_receipt_hospitality.png,receipt,6.143044,12,11,70.588235,MODEL3_synthetic_demo_prompt,2026-07-28T15:31:00,66.666667,12,8,17,False,SYNTHETIC_DEMO_DATA_NOT_REAL_MEASUREMENTS,RECEIPT,47 242 786 801,NOT_FOUND,"292 Williams Pde, Brunswick VIC 3056",NOT_FOUND,NOT_FOUND,14/11/2024,NOT_FOUND|Milk 2L|Shampoo 400ml|Yoghurt Tub 1kg,2|1|UNKNOWN|3,9.49|2.50|9.76|6.95,18.98|2.50|9.76|20.85,true,4.74,520.90,NOT_FOUND,NOT_FOUND,NOT_FOUND
CASE043_receipt_thermal_57mm.png,CASE043_receipt_thermal_57mm.png,receipt,7.260487,12,10,70.588235,MODEL3_synthetic_demo_prompt,2026-07-28T15:32:00,66.666667,12,8,17,False,SYNTHETIC_DEMO_DATA_NOT_REAL_MEASUREMENTS,RECEIPT,NOT_FOUND,Denholm Building Centre,"72 Pierce Cl, Paddington QLD 4064",NOT_FOUND,NOT_FOUND,06/05/2023,Garden Hose 20m|Cereal Box 500g|Yoghurt Tub 1kg|Panadol 24pk|Pasta 500g|LED Light Bulb 4pk,2|1|3|2|1|3,112.69|NOT_FOUND|7.36|NOT_FOUND|1.58|21.25,225.38|7.27|22.08|22.54|1.58|63.75,NOT_FOUND,3.12,342.60,NOT_FOUND,NOT_FOUND,NOT_FOUND
CASE044_receipt_hospitality.png,CASE044_receipt_hospitality.png,receipt,9.446434,12,11,70.588235,MODEL3_synthetic_demo_prompt,2026-07-28T15:33:00,75.0,12,9,17,False,SYNTHETIC_DEMO_DATA_NOT_REAL_MEASUREMENTS,RECEIPT,18 204 505 331,Ibbotson Pharmacy,NOT_FOUND,NOT_FOUND,NOT_FOUND,30/06/2024,Coffee Beans 1kg,UNKNOWN,20.49,40.98,true,3.73,45.08,NOT_FOUND,NOT_FOUND,NOT_FOUND
CASE045_receipt_fuel.png,CASE045_receipt_fuel.png,receipt,9.086054,12,11,70.588235,MODEL3_synthetic_demo_prompt,2026-07-28T15:34:00,75.0,12,9,17,False,SYNTHETIC_DEMO_DATA_NOT_REAL_MEASUREMENTS,RECEIPT,38 586 923 226,Southern Wine & Spirits,"112 Williams St, New Farm QLD 4005",NOT_FOUND,NOT_FOUND,NOT_FOUND,Wine Red 750ml|Wiper Blades Pair|Tyre Pressure Gauge,2|UNKNOWN|2,NOT_FOUND|29.46|17.22,64.12|29.46|34.44,true,11.64,128.02,NOT_FOUND,NOT_FOUND,NOT_FOUND
CASE046_receipt_retail_tax.png,CASE046_receipt_retail_tax.png,receipt,6.345797,12,10,70.588235,MODEL3_synthetic_demo_prompt,2026-07-28T15:35:00,66.666667,12,8,17,False,SYNTHETIC_DEMO_DATA_NOT_REAL_MEASUREMENTS,RECEIPT,21 025 634,Southern Office Supplies,"274 Mendez Gr, Leederville WA 6007",NOT_FOUND,NOT_FOUND,07/03/2024,Paint Brush,2,19.07,NOT_FOUND,NOT_FOUND,3.47,38.14,NOT_FOUND,NOT_FOUND,NOT_FOUND
CASE047_receipt_professional.png,CASE047_receipt_professional.png,receipt,8.676411,12,12,70.588235,MODEL3_synthetic_demo_prompt,2026-07-28T15:36:00,58.333333,12,7,17,False,SYNTHETIC_DEMO_DATA_NOT_REAL_MEASUREMENTS,RECEIPT,62 073 375 433,Southern Retail Co,"50 Lee Rd, Norwood SA",NOT_FOUND,NOT_FOUND,18/09/2023,NOT_FOUND|Extension Cord 10m|Chips BBQ 175g,1|3|UNKNOWN,3.36|27.39|3.50,3.36|821.70,true,8.09,890.30,NOT_FOUND,NOT_FOUND,NOT_FOUND
CASE048_receipt_thermal_80mm.png,CASE048_receipt_thermal_80mm.png,receipt,8.620129,12,9,70.588235,MODEL3_synthetic_demo_prompt,2026-07-28T15:37:00,33.333333,12,4,17,False,SYNTHETIC_DEMO_DATA_NOT_REAL_MEASUREMENTS,RECEIPT,NOT_FOUND,Wakeling Trade Supplies,NOT_FOUND,NOT_FOUND,NOT_FOUND,17/08/2024,Frozen Pizza|Extension Cord 10m|Batteries AA 8pk|Cereal Box|Drill Bit|Hand Soap Refill 1L,3|1|3|UNKNOWN|2|UNKNOWN,9.27|34.67|1.12|5.61|34.40|11.35,27.81|34.67|33.63|16.83|68.80|NOT_FOUND,true,NOT_FOUND,215.79,NOT_FOUND,NOT_FOUND,NOT_FOUND
CASE049_receipt_thermal_80mm.png,CASE049_receipt_thermal_80mm.png,receipt,8.527723,12,10,70.588235,MODEL3_synthetic_demo_prompt,2026-07-28T15:38:00,66.666667,12,8,17,False,SYNTHETIC_DEMO_DATA_NOT_REAL_MEASUREMENTS,RECEIPT,40 685 014 294,Ravensdale Provisions,"13 Wells Cres, Prospect SA 5082",NOT_FOUND,NOT_FOUND,NOT_FOUND,Car Air,1,10.29,10.29,tru,0.94,NOT_FOUND,NOT_FOUND,NOT_FOUND,NOT_FOUND
CASE050_receipt_fuel.png,CASE050_receipt_fuel.png,receipt,7.892338,12,10,70.588235,MODEL3_synthetic_demo_prompt,2026-07-28T15:39:00,58.333333,12,7,17,False,SYNTHETIC_DEMO_DATA_NOT_REAL_MEASUREMENTS,RECEIPT,NOT_FOUND,NOT_FOUND,"198 Stafford Pl, Toowoomba QLD 4350",NOT_FOUND,NOT_FOUND,22/09/2023,Car Vacuum Cleaner|Phone Case|Wine Red 750ml,1|3|UNKNOWN,41.90|3.20|NOT_FOUND,41.90|95.85|56.40,true,17.65,1941.50,NOT_FOUND,NOT_FOUND,NOT_FOUND
CASE051_receipt_professional.png,CASE051_receipt_professional.png,receipt,6.140809,12,12,70.588235,MODEL3_synthetic_demo_prompt,2026-07-28T15:40:00,83.333333,12,10,17,False,SYNTHETIC_DEMO_DATA_NOT_REAL_MEASUREMENTS,RECEIPT,46 169 340 608,Regional Foodstore,"381 Robertson Dr, Toowoomba QLD 4350",NOT_FOUND,NOT_FOUND,19/06/2024,Car Air Freshener,1,9.88,9.88,true,0.09,10.87,NOT_FOUND,NOT_FOUND,NOT_FOUND
CASE052_receipt_thermal_57mm.png,CASE052_receipt_thermal_57mm.png,receipt,7.844928,12,12,70.588235,MODEL3_synthetic_demo_prompt,2026-07-28T15:41:00,66.666667,12,8,17,False,SYNTHETIC_DEMO_DATA_NOT_REAL_MEASUREMENTS,RECEIPT,12 835 615 951,Ravensdale Trade,"54 Juarez Ave, Fortitude Valley QLD 4006",NOT_FOUND,NOT_FOUND,14/02/2023,Kitchen Sponge 6pk|Tyre Pressure Gauge|HDMI Cable 2m|Cereal Box 500g|Chicken Breast 500g|LED Light Bulb 4pk,2|1|3|1|UNKNOWN|2,5.02|17.75|13.57|6.40|8.37|22.41,10.04|17.75|40.71|6.40|18.41|44.82,true,12.41,1364.60,NOT_FOUND,NOT_FOUND,NOT_FOUND
CASE053_receipt_retail_tax.png,CASE053_receipt_retail_tax.png,receipt,9.490213,12,11,70.588235,MODEL3_synthetic_demo_prompt,2026-07-28T15:42:00,41.666667,12,5,17,False,SYNTHETIC_DEMO_DATA_NOT_REAL_MEASUREMENTS,NOT_FOUND,43 484 656 482,Southern Business,"57 King Tce, Cronulla NSW",NOT_FOUND,NOT_FOUND,23/03/2024,Phone Case|Motor Oil 5L|Printer Paper A4 500pk|NOT_FOUND|LED Light Bulb 4pk|Pasta 500g,1|UNKNOWN|2|2|3,27.90|39.40|12.78|219.80|NOT_FOUND|2.70,25.36|39.40|38.34|43.96|349.00|8.10,true,17.28,190.06,NOT_FOUND,NOT_FOUND,NOT_FOUND
CASE054_receipt_hospitality.png,CASE054_receipt_hospitality.png,receipt,6.779235,12,12,70.588235,MODEL3_synthetic_demo_prompt,2026-07-28T15:43:00,75.0,12,9,17,False,SYNTHETIC_DEMO_DATA_NOT_REAL_MEASUREMENTS,RECEIPT,93 366 299 468,National Print & Office,"323 Mora Dr, Parramatta NSW 2150",NOT_FOUND,NOT_FOUND,13/03/2024,Panadol 24pk|Paint Brush Set|Sparkling Water 12pk|Car Vacuum Cleaner|Cereal Box 500g,2|2|3|UNKNOWN|1,118.30|13.21|12.60|57.58|4.24,23.66|26.42|37.80|57.58|4.24,tru,13.61,149.70,NOT_FOUND,NOT_FOUND,NOT_FOUND
CASE055_receipt_professional.png,CASE055_receipt_professional.png,receipt,9.422991,12,10,70.588235,MODEL3_synthetic_demo_prompt,2026-07-28T15:44:00,41.666667,12,5,17,False,SYNTHETIC_DEMO_DATA_NOT_REAL_MEASUREMENTS,RECEIP,22 044 369 957,Calloway Chemist,"23 Simon Pl, Hobart TAS",NOT_FOUND,NOT_FOUND,NOT_FOUND,LED Light Bulb 4pk|Kitchen Sponge 6pk|Potting Mix|Frozen Pizza|Beer Case 24|Yoghurt Tub 1kg,1|2|2|3|3|3,18.42|6.30|11.94|10.37|48.79|9.58,18.42|12.60|23.88|NOT_FOUND|146.37|26.13,true,NOT_FOUND,255.69,NOT_FOUND,NOT_FOUND,NOT_FOUND
