image_file,image_name,document_type,processing_time,field_count,found_fields,field_coverage,prompt_used,timestamp,overall_accuracy,fields_extracted,fields_matched,total_fields,inference_only,data_provenance,DOCUMENT_TYPE,BUSINESS_ABN,SUPPLIER_NAME,BUSINESS_ADDRESS,PAYER_NAME,PAYER_ADDRESS,INVOICE_DATE,LINE_ITEM_DESCRIPTIONS,LINE_ITEM_QUANTITIES,LINE_ITEM_PRICES,LINE_ITEM_TOTAL_PRICES,IS_GST_INCLUDED,GST_AMOUNT,TOTAL_AMOUNT,STATEMENT_DATE_RANGE,TRANSACTION_DATES,TRANSACTION_AMOUNTS_PAID
CASE001_cba_standard.png,CASE001_cba_standard.png,bank_statement,149.274283,6,6,35.294118,MODEL1_synthetic_demo_prompt,2026-07-28T15:00:00,83.333333,6,5,17,False,SYNTHETIC_DEMO_DATA_NOT_REAL_MEASUREMENTS,BANK_STATEMENT,NOT_FOUND,Commonwealth Bank,NOT_FOUND,Robin Wood,NOT_FOUND,NOT_FOUND,NOT_FOUND,NOT_FOUND,NOT_FOUND,NOT_FOUND,NOT_FOUND,NOT_FOUND,NOT_FOUND,01/07/2024 - 29/07/2024,01/07/2024|01/07/2024|02/07/2024|02/07/2024|03/07/2024|03/07/2024|03/07/2024|04/07/2024|05/07/2024|07/07/2024|07/07/2024|07/07/2024|08/07/2024|08/07/2024|08/07/2024|08/07/2024|08/07/2024|09/07/2024|11/07/2024|11/07/2024|15/07/2024|15/07/2024|16/07/2024|17/07/2024|17/07/2024|18/07/2024|18/07/2024|19/07/2024|19/07/2024|21/07/2024|22/07/2024|23/07/2024|24/07/2024|28/07/2024|29/07/2024|29/07/2024,219.04|123.04|39.85|NOT_FOUND|138.44|43.56|351.56|308.47|370.89|14.96|8831.70|NOT_FOUND|544.15|353.68|403.49|235.70|2.40|410.92|NOT_FOUND|11.00|NOT_FOUND|258.06|NOT_FOUND|177.43|154.46|245.80|39.63|570.52|NOT_FOUND|198.63|291.42|NOT_FOUND|552.53|NOT_FOUND
CASE002_anz_modern.png,CASE002_anz_modern.png,bank_statement,114.223043,6,6,35.294118,MODEL1_synthetic_demo_prompt,2026-07-28T15:01:00,66.666667,6,4,17,False,SYNTHETIC_DEMO_DATA_NOT_REAL_MEASUREMENTS,BANK_STATEMENT,NOT_FOUND,ANZ,NOT_FOUND,Juan Taylor,NOT_FOUND,NOT_FOUND,NOT_FOUND,NOT_FOUND,NOT_FOUND,NOT_FOUND,NOT_FOUND,NOT_FOUND,NOT_FOUND,01/08/2023 - 31/08/2023,01/08/2023|01/08/2023|01/08/2023|02/08/2023|02/08/2023|03/08/2023|05/08/2023|07/08/2023|08/08/2023|08/08/2023|09/08/2023|09/08/2023|09/08/2023|12/08/2023|13/08/2023|14/08/2023|16/08/2023|16/08/2023|18/08/2023|20/08/2023|22/08/2023|21/08/2023|24/08/2023|25/08/2023|25/08/2023|25/08/2023|25/08/2023|28/08/2023|27/08/2023|29/08/2023|29/08/2023|31/08/2023|31/08/2023|31/08/2023|31/08/2023,73.78|70.12|17.46|113.92|174.57|219.35|418.15|190.91|173.13|84.68|286.94|300.13|367.73|345.49|335.68|NOT_FOUND|497.71|3.76|416.32|25.26|550.48|405.38|NOT_FOUND|315.88|268.49|335.83|426.19|438.37|NOT_FOUND|NOT_FOUND|NOT_FOUND|NOT_FOUND|NOT_FOUND|NOT_FOUND|587.22
CASE003_nab_classic.png,CASE003_nab_classic.png,bank_statement,168.828236,6,5,35.294118,MODEL1_synthetic_demo_prompt,2026-07-28T15:02:00,50.0,6,3,17,False,SYNTHETIC_DEMO_DATA_NOT_REAL_MEASUREMENTS,NOT_FOUND,NOT_FOUND,National Australia Bank,NOT_FOUND,James Edwards,NOT_FOUND,NOT_FOUND,NOT_FOUND,NOT_FOUND,NOT_FOUND,NOT_FOUND,NOT_FOUND,NOT_FOUND,NOT_FOUND,01/03/2024 - 30/03/2024,01/03/2024|02/03/2024|02/03/2024|03/03/2024|05/03/2024|05/03/2024|05/03/2024|06/03/2024|06/03/2024|06/03/2024|08/03/2024|08/03/2024|12/03/2024|12/03/2024|13/03/2024|14/03/2024|14/03/2024|15/03/2024|15/03/2024|16/03/2024|17/03/2024|19/03/2024|19/03/2024|20/03/2024|20/03/2024|21/03/2024|22/03/2024|22/03/2024|26/03/2024|26/03/2024|28/03/2024|29/03/2024|30/03/2024,567.69|NOT_FOUND|171.94|139.21|351.95|323.20|24641.36|NOT_FOUND|166.03|288.17|78.84|228.90|NOT_FOUND|355.97|NOT_FOUND|112.81|NOT_FOUND|45.89|368.90|116.71|367.20|245.25|63.82|405.31|135.52|486.26|NOT_FOUND|231.95|455.12|455.42|36.80|203.59|525.20|NOT_FOUND
CASE004_anz_standard.png,CASE004_anz_standard.png,bank_statement,171.485388,6,6,35.294118,MODEL1_synthetic_demo_prompt,2026-07-28T15:03:00,50.0,6,3,17,False,SYNTHETIC_DEMO_DATA_NOT_REAL_MEASUREMENTS,BANK_STATEMENT,NOT_FOUND,ANZ,NOT_FOUND,Tanner,NOT_FOUND,NOT_FOUND,NOT_FOUND,NOT_FOUND,NOT_FOUND,NOT_FOUND,NOT_FOUND,NOT_FOUND,NOT_FOUND,03/02/2024 - 28/02/2024,03/02/2024|04/02/2024|06/02/2024|08/02/2024|08/02/2024|10/02/2024|11/02/2024|11/02/2024|12/02/2024|13/02/2024|13/02/2024|14/02/2024|14/02/2024|15/02/2024|17/02/2024|18/02/2024|NOT_FOUND|20/02/2024|23/02/2024|24/02/2024|24/02/2024|26/02/2024|28/02/2024|28/02/2024|28/02/2024,283.73|286.66|47.93|NOT_FOUND|NOT_FOUND|229.98|86.08|65.14|143.66|527.07|252.41|192.59|NOT_FOUND|525.73|969.40|70.00|306.18|476.91|544.46|2355.90|150.21|382.85|401.98|525.27|465.19
CASE005_westpac_premium.png,CASE005_westpac_premium.png,bank_statement,149.927686,6,6,35.294118,MODEL1_synthetic_demo_prompt,2026-07-28T15:04:00,50.0,6,3,17,False,SYNTHETIC_DEMO_DATA_NOT_REAL_MEASUREMENTS,BANK_STATEMENT,NOT_FOUND,Westpac,NOT_FOUND,David,NOT_FOUND,NOT_FOUND,NOT_FOUND,NOT_FOUND,NOT_FOUND,NOT_FOUND,NOT_FOUND,NOT_FOUND,NOT_FOUND,02/11/2024 - 30/11/2024,02/11/2024|02/11/2024|02/11/2024|02/11/2024|02/11/2024|03/11/2024|05/11/2024|06/11/2024|08/11/2024|07/11/2024|07/11/2024|09/11/2024|10/11/2024|10/11/2024|11/11/2024|11/11/2024|12/11/2024|12/11/2024|13/11/2024|15/11/2024|16/11/2024|16/11/2024|17/11/2024|18/11/2024|21/11/2024|21/11/2024|21/11/2024|23/11/2024|25/11/2024|25/11/2024|25/11/2024|26/11/2024|26/11/2024|27/11/2024|28/11/2024|28/11/2024|29/11/2024|29/11/2024|30/11/2024,226.73|1833.20|273.81|224.35|NOT_FOUND|460.22|315.47|NOT_FOUND|NOT_FOUND|142.30|NOT_FOUND|83.94|462.99|NOT_FOUND|57.92|NOT_FOUND|666.71|NOT_FOUND|313.84|567.78|NOT_FOUND|354.17|439.23|53.38|455.43|279.62|498.69|110.60|195.08|132.33|219.03|565.48|NOT_FOUND|573.64|560.48|143.15|39.68|250.08|NOT_FOUND
CASE006_nab_dense.png,CASE006_nab_dense.png,bank_statement,154.459852,6,6,35.294118,MODEL1_synthetic_demo_prompt,2026-07-28T15:05:00,83.333333,6,5,17,False,SYNTHETIC_DEMO_DATA_NOT_REAL_MEASUREMENTS,BANK_STATEMENT,NOT_FOUND,National Australia Bank,NOT_FOUND,Karen Garcia,NOT_FOUND,NOT_FOUND,NOT_FOUND,NOT_FOUND,NOT_FOUND,NOT_FOUND,NOT_FOUND,NOT_FOUND,NOT_FOUND,01/09/2023 - 30/09/2023,01/09/2023|02/09/2023|02/09/2023|06/09/2023|06/09/2023|10/09/2023|10/09/2023|13/09/2023|15/09/2023|16/09/2023|17/09/2023|19/09/2023|20/09/2023|24/09/2023|26/09/2023|26/09/2023|27/09/2023|27/09/2023|28/09/2023|29/09/2023|30/09/2023|30/09/2023|30/09/2023|30/09/2023|30/09/2023,NOT_FOUND|113.54|NOT_FOUND|417.27|255.35|425.22|514.15|87.85|450.02|179.38|187.16|57.35|NOT_FOUND|101.52|4288.50|69.53|307.30|254.00|473.62|187.43|160.45|407.47|562.92|NOT_FOUND|459.36|163.86
CASE007_cba_date_grouped.png,CASE007_cba_date_grouped.png,bank_statement,173.589871,6,6,35.294118,MODEL1_synthetic_demo_prompt,2026-07-28T15:06:00,50.0,6,3,17,False,SYNTHETIC_DEMO_DATA_NOT_REAL_MEASUREMENTS,BANK_STATEMENT,NOT_FOUND,Commonwealth,NOT_FOUND,Jennifer Hopkins,NOT_FOUND,NOT_FOUND,NOT_FOUND,NOT_FOUND,NOT_FOUND,NOT_FOUND,NOT_FOUND,NOT_FOUND,NOT_FOUND,01/08/2024 - 31/08/2024,01/08/2024|01/08/2024|02/08/2024|02/08/2024|02/08/2024|03/08/2024|03/08/2024|05/08/2024|05/08/2024|05/08/2024|05/08/2024|07/08/2024|06/08/2024|06/08/2024|07/08/2024|08/08/2024|12/08/2024|15/08/2024|15/08/2024|NOT_FOUND|17/08/2024|17/08/2024|17/08/2024|19/08/2024|18/08/2024|21/08/2024|22/08/2024|23/08/2024|24/08/2024|25/08/2024|26/08/2024|26/08/2024|27/08/2024|27/08/2024|27/08/2024|NOT_FOUND|29/08/2024|03/08/2024|31/08/2024|31/08/2024,479.70|NOT_FOUND|280.81|232.53|53.79|NOT_FOUND|342.74|211.35|NOT_FOUND|384.13|60.56|446.40|88.18|519.59|414.34|186.85|189.75|NOT_FOUND|580.98|359.41|493.19|431.99|NOT_FOUND|NOT_FOUND|140.98|294.93|511.02|575.49|275.25|370.67|406.54|11438.02|361.89|180.41|NOT_FOUND|343.58|334.34|138.94|133.83|346.34
CASE008_westpac_standard.png,CASE008_westpac_standard.png,bank_statement,149.195339,6,5,35.294118,MODEL1_synthetic_demo_prompt,2026-07-28T15:07:00,50.0,6,3,17,False,SYNTHETIC_DEMO_DATA_NOT_REAL_MEASUREMENTS,BANK_STATEMEN,NOT_FOUND,NOT_FOUND,NOT_FOUND,Norma Cross,NOT_FOUND,NOT_FOUND,NOT_FOUND,NOT_FOUND,NOT_FOUND,NOT_FOUND,NOT_FOUND,NOT_FOUND,NOT_FOUND,02/10/2024 - 31/10/2024,02/10/2024|04/10/2024|05/10/2024|05/10/2024|05/10/2024|05/10/2024|08/10/2024|09/10/2024|09/10/2024|10/10/2024|11/10/2024|14/10/2024|15/10/2024|17/10/2024|19/10/2024|21/10/2024|22/10/2024|23/10/2024|23/10/2024|NOT_FOUND|26/10/2024|27/10/2024|01/10/2024|28/10/2024|28/10/2024|29/10/2024|30/10/2024|31/10/2024|31/10/2024,383.84|NOT_FOUND|NOT_FOUND|344.02|270.36|157.73|425.18|492.09|NOT_FOUND|517.38|156.19|4569.29|315.47|204.73|152.24|225.59|554.32|NOT_FOUND|202.78|302.88|207.66|226.94|37.13|255.59|141.68|60.97|598.69|571.08|583.81|584.99
CASE009_nab_dense.png,CASE009_nab_dense.png,bank_statement,126.805786,6,5,35.294118,MODEL1_synthetic_demo_prompt,2026-07-28T15:08:00,50.0,6,3,17,False,SYNTHETIC_DEMO_DATA_NOT_REAL_MEASUREMENTS,BANK_STATEMENT,NOT_FOUND,National Australia Bank,NOT_FOUND,NOT_FOUND,NOT_FOUND,NOT_FOUND,NOT_FOUND,NOT_FOUND,NOT_FOUND,NOT_FOUND,NOT_FOUND,NOT_FOUND,NOT_FOUND,03/05/2023 - 31/05/2023,03/05/2023|04/05/2023|04/05/2023|04/05/2023|05/05/2023|07/05/2023|07/05/2023|08/05/2023|09/05/2023|10/05/2023|12/05/2023|11/05/2023|11/05/2023|12/05/2023|13/05/2023|14/05/2023|15/05/2023|15/05/2023|15/05/2023|15/05/2023|18/05/2023|18/05/2023|19/05/2023|23/05/2023|24/05/2023|25/05/2023|25/05/2023|25/05/2023|26/05/2023|27/05/2023|30/05/2023|31/05/2023|31/05/2023,63.82|338.01|87.12|NOT_FOUND|531.22|235.98|212.98|487.11|324.88|149.57|329.85|205.72|356.10|NOT_FOUND|141.71|511.95|562.65|237.70|475.35|164.07|425.66|27.84|421.35|118.36|100.62|132.10|63.77|16.54|NOT_FOUND|NOT_FOUND|35.18|471.19|529.28|NOT_FOUND
CASE010_anz_standard.png,CASE010_anz_standard.png,bank_statement,149.599436,6,6,35.294118,MODEL1_synthetic_demo_prompt,2026-07-28T15:09:00,50.0,6,3,17,False,SYNTHETIC_DEMO_DATA_NOT_REAL_MEASUREMENTS,BANK_STATEMENT,NOT_FOUND,UNKNOWN,NOT_FOUND,Gerald Herrera,NOT_FOUND,NOT_FOUND,NOT_FOUND,NOT_FOUND,NOT_FOUND,NOT_FOUND,NOT_FOUND,NOT_FOUND,NOT_FOUND,01/07/2023 - 30/07/2023,01/07/2023|02/07/2023|05/07/2023|05/07/2023|08/07/2023|08/07/2023|09/07/2023|09/07/2023|09/07/2023|10/07/2023|10/07/2023|11/07/2023|11/07/2023|14/07/2023|15/07/2023|16/07/2023|16/07/2023|20/07/2023|22/07/2023|22/07/2023|23/07/2023|23/07/2023|24/07/2023|24/07/2023|24/07/2023|25/07/2023|26/07/2023|27/07/2023|27/07/2023|27/07/2023|NOT_FOUND|28/07/2023|29/07/2023|30/07/2023,476.98|29.51|411.89|213.11|NOT_FOUND|364.67|280.81|NOT_FOUND|121.13|598.51|85.49|474.97|288.61|212.18|NOT_FOUND|372.54|536.28|86.07|209.32|18656.01|NOT_FOUND|231.36|272.15|121.07|NOT_FOUND|302.85|98.00|283.92|512.24|NOT_FOUND|481.94|483.34|553.03|462.84|294.34
CASE011_westpac_standard.png,CASE011_westpac_standard.png,bank_statement,145.022702,6,6,35.294118,MODEL1_synthetic_demo_prompt,2026-07-28T15:10:00,66.666667,6,4,17,False,SYNTHETIC_DEMO_DATA_NOT_REAL_MEASUREMENTS,BANK_STATEMENT,NOT_FOUND,Westpac,NOT_FOUND,Jeffrey Harrison,NOT_FOUND,NOT_FOUND,NOT_FOUND,NOT_FOUND,NOT_FOUND,NOT_FOUND,NOT_FOUND,NOT_FOUND,NOT_FOUND,01/09/2023 - 30/09/2023,01/09/2023|02/09/2023|03/09/2023|04/09/2023|06/09/2023|06/09/2023|09/09/2023|08/09/2023|09/09/2023|11/09/2023|13/09/2023|17/09/2023|16/09/2023|16/09/2023|17/09/2023|17/09/2023|21/09/2023|21/09/2023|25/09/2023|25/09/2023|27/09/2023|28/09/2023|01/09/2023|28/09/2023|30/09/2023,70.56|396.21|432.83|271760.70|333.14|120.65|NOT_FOUND|NOT_FOUND|440.99|430.01|NOT_FOUND|407.80|NOT_FOUND|130.36|150.18|579.84|NOT_FOUND|428.72|53.00|16.63|64.25|290.17|235.01|4836.60|14.33|450.67
CASE012_cba_standard.png,CASE012_cba_standard.png,bank_statement,151.024659,6,5,35.294118,MODEL1_synthetic_demo_prompt,2026-07-28T15:11:00,50.0,6,3,17,False,SYNTHETIC_DEMO_DATA_NOT_REAL_MEASUREMENTS,BANK_STATEMENT,NOT_FOUND,NOT_FOUND,NOT_FOUND,Jason Foster,NOT_FOUND,NOT_FOUND,NOT_FOUND,NOT_FOUND,NOT_FOUND,NOT_FOUND,NOT_FOUND,NOT_FOUND,NOT_FOUND,01/08/2023 - 30/08/2023,01/08/2023|01/08/2023|02/08/2023|02/08/2023|02/08/2023|03/08/2023|03/08/2023|03/08/2023|03/08/2023|04/08/2023|07/08/2023|08/08/2023|09/08/2023|NOT_FOUND|11/08/2023|13/08/2023|13/08/2023|13/08/2023|14/08/2023|14/08/2023|14/08/2023|15/08/2023|18/08/2023|18/08/2023|19/08/2023|20/08/2023|21/08/2023|21/08/2023|22/08/2023|24/08/2023|24/08/2023|25/08/2023|26/08/2023|27/08/2023|30/08/2023,289.65|185.85|NOT_FOUND|NOT_FOUND|NOT_FOUND|406.06|41.91|430.20|221.66|442.79|NOT_FOUND|311.14|273.27|47.09|530.12|232.23|492.17|313.58|86.25|488.59|153.77|4601.37|110.63|NOT_FOUND|413.78|NOT_FOUND|261.04|13.23|223.74|253.80|466.77|246.33|556.26|372.24|178.74
CASE013_westpac_premium.png,CASE013_westpac_premium.png,bank_statement,116.115605,6,6,35.294118,MODEL1_synthetic_demo_prompt,2026-07-28T15:12:00,66.666667,6,4,17,False,SYNTHETIC_DEMO_DATA_NOT_REAL_MEASUREMENTS,BANK_STATEMENT,NOT_FOUND,Westpac,NOT_FOUND,Louis Norris,NOT_FOUND,NOT_FOUND,NOT_FOUND,NOT_FOUND,NOT_FOUND,NOT_FOUND,NOT_FOUND,NOT_FOUND,NOT_FOUND,01/06/2023 - 30/06/2023,01/06/2023|03/06/2023|06/06/2023|09/06/2023|10/06/2023|12/06/2023|13/06/2023|13/06/2023|13/06/2023|17/06/2023|17/06/2023|17/06/2023|18/06/2023|19/06/2023|19/06/2023|19/06/2023|22/06/2023|23/06/2023|24/06/2023|24/06/2023|25/06/2023|27/06/2023|30/06/2023|30/06/2023,326.03|291.17|132.00|372.16|117.89|564.40|16.97|NOT_FOUND|48.44|87.14|8862.33|258.70|45.42|NOT_FOUND|201.80|258.87|4291.60|118.49|707.80|164.85|320.78|33.36|192.70
CASE014_anz_modern.png,CASE014_anz_modern.png,bank_statement,154.737137,6,5,35.294118,MODEL1_synthetic_demo_prompt,2026-07-28T15:13:00,50.0,6,3,17,False,SYNTHETIC_DEMO_DATA_NOT_REAL_MEASUREMENTS,NOT_FOUND,NOT_FOUND,ANZ,NOT_FOUND,Tiffany Stanley,NOT_FOUND,NOT_FOUND,NOT_FOUND,NOT_FOUND,NOT_FOUND,NOT_FOUND,NOT_FOUND,NOT_FOUND,NOT_FOUND,01/09/2024 - 30/09/2024,01/09/2024|01/09/2024|01/09/2024|05/09/2024|06/09/2024|05/09/2024|09/09/2024|10/09/2024|10/09/2024|10/09/2024|10/09/2024|10/09/2024|13/09/2024|14/09/2024|16/09/2024|16/09/2024|16/09/2024|16/09/2024|17/09/2024|18/09/2024|23/09/2024|25/09/2024|25/09/2024|27/09/2024|28/09/2024,157.44|461.08|NOT_FOUND|119.70|1352.56|138.14|167.24|585.01|183.58|402.94|82.06|201.46|416.16|452.70|344.35|275.14|NOT_FOUND|461.78|35.83|NOT_FOUND|557.76|NOT_FOUND|437.85|325.00|342.26|NOT_FOUND|338.23
CASE015_nab_classic.png,CASE015_nab_classic.png,bank_statement,111.141171,6,6,35.294118,MODEL1_synthetic_demo_prompt,2026-07-28T15:14:00,66.666667,6,4,17,False,SYNTHETIC_DEMO_DATA_NOT_REAL_MEASUREMENTS,BANK_STATEMENT,NOT_FOUND,National Australia Bank,NOT_FOUND,Joshua Gilbert,NOT_FOUND,NOT_FOUND,NOT_FOUND,NOT_FOUND,NOT_FOUND,NOT_FOUND,NOT_FOUND,NOT_FOUND,NOT_FOUND,03/01/2023 - 30/01/2023,03/01/2023|03/01/2023|04/01/2023|06/01/2023|05/01/2023|06/01/2023|07/01/2023|08/01/2023|10/01/2023|09/01/2023|10/01/2023|10/01/2023|11/01/2023|12/01/2023|13/01/2023|16/01/2023|16/01/2023|18/01/2023|19/01/2023|NOT_FOUND|19/01/2023|19/01/2023|21/01/2023|21/01/2023|23/01/2023|23/01/2023|24/01/2023|NOT_FOUND|26/01/2023|26/01/2023|27/01/2023|27/01/2023|29/01/2023|29/01/2023|30/01/2023|30/01/2023,NOT_FOUND|34.30|63.15|60.20|341.09|NOT_FOUND|59.27|NOT_FOUND|NOT_FOUND|35.65|401.16|NOT_FOUND|NOT_FOUND|378.89|143.09|256.23|413.59|37731.83|197.32|577.11|367.31|430.09|556.01|NOT_FOUND|NOT_FOUND|243.41|108.23|44.67|530.70|60.33|79.36|486.40|364.72|95.77|370.54
CASE016_cba_date_grouped.png,CASE016_cba_date_grouped.png,bank_statement,168.693693,6,6,35.294118,MODEL1_synthetic_demo_prompt,2026-07-28T15:15:00,66.666667,6,4,17,False,SYNTHETIC_DEMO_DATA_NOT_REAL_MEASUREMENTS,BANK_STATEMENT,NOT_FOUND,Commonwealth Bank,NOT_FOUND,Ricky Ramirez,NOT_FOUND,NOT_FOUND,NOT_FOUND,NOT_FOUND,NOT_FOUND,NOT_FOUND,NOT_FOUND,NOT_FOUND,NOT_FOUND,02/12/2024 - 30/12/2024,02/12/2024|02/12/2024|03/12/2024|03/12/2024|03/12/2024|04/12/2024|NOT_FOUND|05/12/2024|07/12/2024|07/12/2024|09/12/2024|10/12/2024|10/12/2024|12/12/2024|11/12/2024|12/12/2024|13/12/2024|14/12/2024|14/12/2024|16/12/2024|17/12/2024|17/12/2024|18/12/2024|20/12/2024|20/12/2024|21/12/2024|23/12/2024|23/12/2024|25/12/2024|25/12/2024|25/12/2024|27/12/2024|29/12/2024|NOT_FOUND|30/12/2024,316.63|24.15|340.65|334.50|205.00|538.60|132.87|507.02|NOT_FOUND|76.22|210.67|131.06|206.64|NOT_FOUND|19.00|111.05|236.32|56.34|NOT_FOUND|NOT_FOUND|509.00|477.53|48.98|4704.78|191.74|533.48|NOT_FOUND|NOT_FOUND|424.98|NOT_FOUND|337.70|NOT_FOUND|NOT_FOUND|29.74|404.60|284.31
CASE017_anz_standard.png,CASE017_anz_standard.png,bank_statement,153.228297,6,6,35.294118,MODEL1_synthetic_demo_prompt,2026-07-28T15:16:00,66.666667,6,4,17,False,SYNTHETIC_DEMO_DATA_NOT_REAL_MEASUREMENTS,BANK_STATEMENT,NOT_FOUND,ANZ,NOT_FOUND,Eric Phillips,NOT_FOUND,NOT_FOUND,NOT_FOUND,NOT_FOUND,NOT_FOUND,NOT_FOUND,NOT_FOUND,NOT_FOUND,NOT_FOUND,01/08/2024 - 31/08/2024,01/08/2024|02/08/2024|02/08/2024|02/08/2024|03/08/2024|03/08/2024|04/08/2024|05/08/2024|06/08/2024|06/08/2024|10/08/2024|10/08/2024|10/08/2024|10/08/2024|10/08/2024|11/08/2024|12/08/2024|14/08/2024|16/08/2024|16/08/2024|16/08/2024|17/08/2024|19/08/2024|19/08/2024|19/08/2024|19/08/2024|20/08/2024|20/08/2024|21/08/2024|22/08/2024|23/08/2024|24/08/2024|24/08/2024|25/08/2024|24/08/2024|26/08/2024|26/08/2024|26/08/2024|28/08/2024|31/08/2024,228.16|361.37|NOT_FOUND|290.98|557.06|228.39|35693.23|316.77|319.91|563.72|597.62|51.54|167.20|507.99|561.67|57.47|420.57|NOT_FOUND|87.53|NOT_FOUND|280.44|288.02|NOT_FOUND|NOT_FOUND|NOT_FOUND|268.81|NOT_FOUND|131.63|371.11|375.16|NOT_FOUND|35.56|257.25|231.56|115.06|418.40|475.83|256.49
CASE018_nab_classic.png,CASE018_nab_classic.png,bank_statement,169.290045,6,6,35.294118,MODEL1_synthetic_demo_prompt,2026-07-28T15:17:00,50.0,6,3,17,False,SYNTHETIC_DEMO_DATA_NOT_REAL_MEASUREMENTS,BANK_STATEMEN,NOT_FOUND,National Australia Bank,NOT_FOUND,Katherine Lamb,NOT_FOUND,NOT_FOUND,NOT_FOUND,NOT_FOUND,NOT_FOUND,NOT_FOUND,NOT_FOUND,NOT_FOUND,NOT_FOUND,01/08/2023 - 31/08/2023,01/08/2023|03/08/2023|04/08/2023|05/08/2023|07/08/2023|08/08/2023|08/08/2023|08/08/2023|08/08/2023|10/08/2023|12/08/2023|13/08/2023|14/08/2023|14/08/2023|16/08/2023|16/08/2023|17/08/2023|21/08/2023|23/08/2023|23/08/2023|24/08/2023|25/08/2023|26/08/2023|26/08/2023|31/08/2023,578.36|NOT_FOUND|567.74|392.42|454.37|192.58|263.80|213.68|57.30|NOT_FOUND|200.19|506.73|295.70|NOT_FOUND|324.85|585.60|209.82|327.66|244.56|525.84|92.34|62.18|180.78|100.87|300.90|NOT_FOUND
CASE019_nab_dense.png,CASE019_nab_dense.png,bank_statement,171.561786,6,6,35.294118,MODEL1_synthetic_demo_prompt,2026-07-28T15:18:00,66.666667,6,4,17,False,SYNTHETIC_DEMO_DATA_NOT_REAL_MEASUREMENTS,BANK_STATEMENT,NOT_FOUND,National Australia Bank,NOT_FOUND,Erica Mcdaniel,NOT_FOUND,NOT_FOUND,NOT_FOUND,NOT_FOUND,NOT_FOUND,NOT_FOUND,NOT_FOUND,NOT_FOUND,NOT_FOUND,02/09/2024 - 28/09/2024,03/09/2024|02/09/2024|02/09/2024|03/09/2024|05/09/2024|05/09/2024|06/09/2024|06/09/2024|09/09/2024|09/09/2024|10/09/2024|10/09/2024|11/09/2024|12/09/2024|NOT_FOUND|12/09/2024|14/09/2024|15/09/2024|19/09/2024|21/09/2024|22/09/2024|23/09/2024|24/09/2024|28/09/2024,170.16|176.04|509.18|87.70|193.83|85.94|21.10|801.60|119.02|307.90|584.41|116.70|284.88|78.28|537.91|NOT_FOUND|209.79|456.22|NOT_FOUND|303.90|509.16|20.43|29.39|1172.82|460.77
CASE020_westpac_standard.png,CASE020_westpac_standard.png,bank_statement,111.717939,6,5,35.294118,MODEL1_synthetic_demo_prompt,2026-07-28T15:19:00,16.666667,6,1,17,False,SYNTHETIC_DEMO_DATA_NOT_REAL_MEASUREMENTS,BANK_STATEMEN,NOT_FOUND,NOT_FOUND,NOT_FOUND,Emily Rice,NOT_FOUND,NOT_FOUND,NOT_FOUND,NOT_FOUND,NOT_FOUND,NOT_FOUND,NOT_FOUND,NOT_FOUND,NOT_FOUND,03/12/2024 -,03/12/2024|03/12/2024|04/12/2024|08/12/2024|08/12/2024|08/12/2024|10/12/2024|10/12/2024|11/12/2024|12/12/2024|13/12/2024|12/12/2024|14/12/2024|14/12/2024|19/12/2024|21/12/2024|21/12/2024|23/12/2024|24/12/2024|25/12/2024|25/12/2024|27/12/2024|28/12/2024|29/12/2024|30/12/2024,208.22|505.82|433.45|479.43|158.25|168.08|450.40|167.49|480.26|90.49|517.15|244.17|NOT_FOUND|519.11|528.87|NOT_FOUND|325.60|185.48|NOT_FOUND|774.22|NOT_FOUND|353.35|381.79|10.31|NOT_FOUND
CASE021_cba_standard.png,CASE021_cba_standard.png,bank_statement,105.399245,6,6,35.294118,MODEL1_synthetic_demo_prompt,2026-07-28T15:20:00,66.666667,6,4,17,False,SYNTHETIC_DEMO_DATA_NOT_REAL_MEASUREMENTS,BANK_STATEMENT,NOT_FOUND,Commonwealth Bank,NOT_FOUND,Devin Palmer,NOT_FOUND,NOT_FOUND,NOT_FOUND,NOT_FOUND,NOT_FOUND,NOT_FOUND,NOT_FOUND,NOT_FOUND,NOT_FOUND,01/06/2024 - 30/06/2024,01/06/2024|01/06/2024|01/06/2024|02/06/2024|03/06/2024|03/06/2024|05/06/2024|05/06/2024|06/06/2024|07/06/2024|NOT_FOUND|08/06/2024|09/06/2024|09/06/2024|12/06/2024|13/06/2024|13/06/2024|14/06/2024|15/06/2024|17/06/2024|18/06/2024|NOT_FOUND|20/06/2024|20/06/2024|20/06/2024|20/06/2024|21/06/2024|21/06/2024|23/06/2024|23/06/2024|25/06/2024|27/06/2024|28/06/2024|29/06/2024|29/06/2024|30/06/2024|03/06/2024,NOT_FOUND|256.82|60.59|53.10|375.60|110.22|315.01|13896.41|42.19|130.20|462.44|242.56|277.89|NOT_FOUND|NOT_FOUND|NOT_FOUND|NOT_FOUND|63.23|584.23|97.68|312.91|463.50|356.45|450.75|281.50|83.80|393.35|108.00|40.04|296.80|98.98|536.80|105.19|87.38|417.51|189.15|486.02
CASE022_westpac_premium.png,CASE022_westpac_premium.png,bank_statement,146.402183,6,6,35.294118,MODEL1_synthetic_demo_prompt,2026-07-28T15:21:00,66.666667,6,4,17,False,SYNTHETIC_DEMO_DATA_NOT_REAL_MEASUREMENTS,BANK_STATEMENT,NOT_FOUND,Westpac,NOT_FOUND,Michael Smith,NOT_FOUND,NOT_FOUND,NOT_FOUND,NOT_FOUND,NOT_FOUND,NOT_FOUND,NOT_FOUND,NOT_FOUND,NOT_FOUND,02/02/2024 - 28/02/2024,02/02/2024|04/02/2024|04/02/2024|04/02/2024|04/02/2024|05/02/2024|08/02/2024|09/02/2024|09/02/2024|09/02/2024|11/02/2024|12/02/2024|15/02/2024|15/02/2024|16/02/2024|16/02/2024|NOT_FOUND|18/02/2024|18/02/2024|20/02/2024|20/02/2024|22/02/2024|23/02/2024|23/02/2024|25/02/2024|25/02/2024|25/02/2024|26/02/2024|26/02/2024|26/02/2024|27/02/2024|28/02/2024,510.67|111.04|483.04|566.75|542.48|14.66|421.51|NOT_FOUND|23.82|3452.79|NOT_FOUND|485.18|NOT_FOUND|64.43|469.51|109.02|NOT_FOUND|553.80|229.17|NOT_FOUND|NOT_FOUND|502.33|NOT_FOUND|444.19|389.91|116.05|299.97|NOT_FOUND|NOT_FOUND|253.57|NOT_FOUND|549.10
CASE023_anz_modern.png,CASE023_anz_modern.png,bank_statement,108.436007,6,6,35.294118,MODEL1_synthetic_demo_prompt,2026-07-28T15:22:00,66.666667,6,4,17,False,SYNTHETIC_DEMO_DATA_NOT_REAL_MEASUREMENTS,BANK_STATEMENT,NOT_FOUND,ANZ,NOT_FOUND,Andrew Richardson,NOT_FOUND,NOT_FOUND,NOT_FOUND,NOT_FOUND,NOT_FOUND,NOT_FOUND,NOT_FOUND,NOT_FOUND,NOT_FOUND,01/09/2024 - 30/09/2024,01/09/2024|01/09/2024|02/09/2024|02/09/2024|06/09/2024|NOT_FOUND|09/09/2024|09/09/2024|10/09/2024|12/09/2024|13/09/2024|14/09/2024|14/09/2024|15/09/2024|15/09/2024|16/09/2024|18/09/2024|18/09/2024|19/09/2024|20/09/2024|NOT_FOUND|21/09/2024|22/09/2024|25/09/2024|27/09/2024|27/09/2024|27/09/2024|27/09/2024|27/09/2024|30/09/2024|30/09/2024|30/09/2024,528.18|211.56|253.77|NOT_FOUND|5623.90|486.96|75.46|495.13|372.53|171.68|356.53|226.06|575.09|NOT_FOUND|316.61|584.97|277.51|356.81|161.21|315.43|586.14|512.69|139.45|4329.44|131.14|124.70|210.49|233.56|565.29|NOT_FOUND|514.12|133.45
CASE024_cba_date_grouped.png,CASE024_cba_date_grouped.png,bank_statement,114.574883,6,5,35.294118,MODEL1_synthetic_demo_prompt,2026-07-28T15:23:00,50.0,6,3,17,False,SYNTHETIC_DEMO_DATA_NOT_REAL_MEASUREMENTS,BANK_STATEMENT,NOT_FOUND,Commonwealth Bank,NOT_FOUND,Katherine Murray,NOT_FOUND,NOT_FOUND,NOT_FOUND,NOT_FOUND,NOT_FOUND,NOT_FOUND,NOT_FOUND,NOT_FOUND,NOT_FOUND,NOT_FOUND,06/11/2024|06/11/2024|NOT_FOUND|12/11/2024|13/11/2024|13/11/2024|15/11/2024|16/11/2024|16/11/2024|17/11/2024|16/11/2024|18/11/2024|17/11/2024|17/11/2024|17/11/2024|19/11/2024|21/11/2024|21/11/2024|23/11/2024|23/11/2024|NOT_FOUND|24/11/2024|23/11/2024|25/11/2024|25/11/2024|29/11/2024|03/11/2024,534.34|145.80|332.52|15.03|593.67|NOT_FOUND|513.24|210.50|345.23|741.00|25.83|227.50|4484.50|356.62|320.26|NOT_FOUND|NOT_FOUND|421.85|155.92|307.59|386.93|157.86|5268.32|431.01|183.55|NOT_FOUND|240.46
CASE025_westpac_standard.png,CASE025_westpac_standard.png,bank_statement,142.743522,6,5,35.294118,MODEL1_synthetic_demo_prompt,2026-07-28T15:24:00,50.0,6,3,17,False,SYNTHETIC_DEMO_DATA_NOT_REAL_MEASUREMENTS,BANK_STATEMENT,NOT_FOUND,Westpac,NOT_FOUND,Victoria Smith,NOT_FOUND,NOT_FOUND,NOT_FOUND,NOT_FOUND,NOT_FOUND,NOT_FOUND,NOT_FOUND,NOT_FOUND,NOT_FOUND,NOT_FOUND,01/02/2023|01/02/2023|02/02/2023|03/02/2023|05/02/2023|04/02/2023|04/02/2023|04/02/2023|06/02/2023|06/02/2023|07/02/2023|07/02/2023|07/02/2023|NOT_FOUND|NOT_FOUND|11/02/2023|11/02/2023|11/02/2023|12/02/2023|12/02/2023|13/02/2023|13/02/2023|14/02/2023|15/02/2023|15/02/2023|17/02/2023|18/02/2023|18/02/2023|20/02/2023|NOT_FOUND|22/02/2023|22/02/2023|22/02/2023|24/02/2023|27/02/2023|27/02/2023|27/02/2023|27/02/2023,35.92|NOT_FOUND|587.03|307.02|456.77|NOT_FOUND|NOT_FOUND|317.67|84.08|260.17|571.10|NOT_FOUND|190.45|388.22|465.05|444.04|164.19|390.19|NOT_FOUND|490.39|67.15|115.10|119.98|452.45|3669.57|NOT_FOUND|15.61|592.27|491.94|NOT_FOUND|276.63|525.33|NOT_FOUND|NOT_FOUND|104.54|NOT_FOUND|547.00|75.72
CASE026_westpac_premium.png,CASE026_westpac_premium.png,bank_statement,145.483837,6,6,35.294118,MODEL1_synthetic_demo_prompt,2026-07-28T15:25:00,66.666667,6,4,17,False,SYNTHETIC_DEMO_DATA_NOT_REAL_MEASUREMENTS,BANK_STATEMENT,NOT_FOUND,Westpac,NOT_FOUND,Christopher Gonzalez,NOT_FOUND,NOT_FOUND,NOT_FOUND,NOT_FOUND,NOT_FOUND,NOT_FOUND,NOT_FOUND,NOT_FOUND,NOT_FOUND,01/12/2023 - 31/12/2023,02/12/2023|02/12/2023|05/12/2023|05/12/2023|07/12/2023|08/12/2023|10/12/2023|11/12/2023|11/12/2023|12/12/2023|12/12/2023|13/12/2023|13/12/2023|14/12/2023|15/12/2023|17/12/2023|19/12/2023|19/12/2023|19/12/2023|22/12/2023|22/12/2023|24/12/2023|25/12/2023|28/12/2023|28/12/2023|30/12/2023|31/12/2023,335.39|598.14|498.45|590.79|52.38|175.36|453.84|539.36|570.73|393.56|415.91|NOT_FOUND|68.67|172.35|47.72|512.36|156.52|311.25|359.15|567.40|431.52|55.74|320.62|NOT_FOUND|291.35|551.88|481.10
CASE027_cba_date_grouped.png,CASE027_cba_date_grouped.png,bank_statement,119.045015,6,6,35.294118,MODEL1_synthetic_demo_prompt,2026-07-28T15:26:00,66.666667,6,4,17,False,SYNTHETIC_DEMO_DATA_NOT_REAL_MEASUREMENTS,BANK_STATEMENT,NOT_FOUND,Commonwealth Bank,NOT_FOUND,Suzanne Dixon,NOT_FOUND,NOT_FOUND,NOT_FOUND,NOT_FOUND,NOT_FOUND,NOT_FOUND,NOT_FOUND,NOT_FOUND,NOT_FOUND,01/05/2024 - 31/05/2024,01/05/2024|02/05/2024|03/05/2024|03/05/2024|03/05/2024|NOT_FOUND|06/05/2024|08/05/2024|09/05/2024|10/05/2024|10/05/2024|10/05/2024|11/05/2024|11/05/2024|14/05/2024|16/05/2024|17/05/2024|18/05/2024|19/05/2024|19/05/2024|21/05/2024|21/05/2024|24/05/2024|24/05/2024|24/05/2024|25/05/2024|NOT_FOUND|27/05/2024|28/05/2024|28/05/2024|28/05/2024|29/05/2024|30/05/2024|30/05/2024|31/05/2024|31/05/2024|31/05/2024|31/05/2024,18.20|413.61|259.41|186.52|NOT_FOUND|NOT_FOUND|450.78|104.58|201.68|305.00|176.51|596.61|120.38|121.31|NOT_FOUND|292.73|198.71|546.00|412.95|12934.69|393.65|123.83|435.25|547.40|478.69|246.50|307.25|324.80|32.54|540.02|327.06|NOT_FOUND|65.28|192.99|NOT_FOUND|87.99|129.37|418.30
CASE028_nab_dense.png,CASE028_nab_dense.png,bank_statement,143.860091,6,6,35.294118,MODEL1_synthetic_demo_prompt,2026-07-28T15:27:00,66.666667,6,4,17,False,SYNTHETIC_DEMO_DATA_NOT_REAL_MEASUREMENTS,BANK_STATEMENT,NOT_FOUND,National Australia Bank,NOT_FOUND,Jon Santiago,NOT_FOUND,NOT_FOUND,NOT_FOUND,NOT_FOUND,NOT_FOUND,NOT_FOUND,NOT_FOUND,NOT_FOUND,NOT_FOUND,01/01/2023 - 30/01/2023,02/01/2023|01/01/2023|04/01/2023|04/01/2023|05/01/2023|06/01/2023|09/01/2023|08/01/2023|08/01/2023|08/01/2023|10/01/2023|10/01/2023|12/01/2023|13/01/2023|13/01/2023|14/01/2023|17/01/2023|21/01/2023|22/01/2023|22/01/2023|27/01/2023|29/01/2023|29/01/2023|30/01/2023|30/01/2023,410.87|2119.72|5604.00|NOT_FOUND|596.92|91.55|NOT_FOUND|223.82|502.80|346.82|4425.20|27.81|448.70|45.40|552.30|246.24|498.08|26.55|64.99|5845.70|356.43|531.80|NOT_FOUND|151.08|NOT_FOUND|350.14
CASE029_anz_standard.png,CASE029_anz_standard.png,bank_statement,168.175845,6,6,35.294118,MODEL1_synthetic_demo_prompt,2026-07-28T15:28:00,50.0,6,3,17,False,SYNTHETIC_DEMO_DATA_NOT_REAL_MEASUREMENTS,BANK_STATEMENT,NOT_FOUND,ANZ,NOT_FOUND,Kimberly Garcia,NOT_FOUND,NOT_FOUND,NOT_FOUND,NOT_FOUND,NOT_FOUND,NOT_FOUND,NOT_FOUND,NOT_FOUND,NOT_FOUND,02/05/2024 -,02/05/2024|03/05/2024|05/05/2024|08/05/2024|10/05/2024|11/05/2024|12/05/2024|12/05/2024|12/05/2024|13/05/2024|14/05/2024|15/05/2024|15/05/2024|NOT_FOUND|16/05/2024|17/05/2024|17/05/2024|19/05/2024|20/05/2024|20/05/2024|21/05/2024|21/05/2024|22/05/2024|22/05/2024|26/05/2024|28/05/2024|28/05/2024|28/05/2024|29/05/2024|30/05/2024|30/05/2024|31/05/2024|31/05/2024,NOT_FOUND|389.07|587.35|59.32|118.61|416.41|201.00|NOT_FOUND|31.53|228.45|217.80|3302.30|3932.80|3069.80|NOT_FOUND|309.46|100.49|373.60|543.46|507.39|15.51|16.81|447.98|556.46|386.65|537.82|254.11|186.27|NOT_FOUND|NOT_FOUND|127.55|415.36
CASE030_nab_classic.png,CASE030_nab_classic.png,bank_statement,140.804952,6,6,35.294118,MODEL1_synthetic_demo_prompt,2026-07-28T15:29:00,66.666667,6,4,17,False,SYNTHETIC_DEMO_DATA_NOT_REAL_MEASUREMENTS,BANK_STATEMENT,NOT_FOUND,National Australia Bank,NOT_FOUND,Ryan Mcguire,NOT_FOUND,NOT_FOUND,NOT_FOUND,NOT_FOUND,NOT_FOUND,NOT_FOUND,NOT_FOUND,NOT_FOUND,NOT_FOUND,02/02/2024 - 29/02/2024,02/02/2024|03/02/2024|04/02/2024|06/02/2024|06/02/2024|07/02/2024|07/02/2024|09/02/2024|09/02/2024|10/02/2024|11/02/2024|12/02/2024|12/02/2024|14/02/2024|14/02/2024|14/02/2024|15/02/2024|15/02/2024|16/02/2024|17/02/2024|19/02/2024|19/02/2024|20/02/2024|20/02/2024|20/02/2024|21/02/2024|21/02/2024|24/02/2024|NOT_FOUND|26/02/2024|27/02/2024|27/02/2024|28/02/2024|29/02/2024,154.74|136.13|340.97|126.30|NOT_FOUND|557.23|197.14|510.72|NOT_FOUND|NOT_FOUND|NOT_FOUND|385.77|64.16|133.11|414.90|NOT_FOUND|98.87|12.44|391.34|NOT_FOUND|473.58|446.06|NOT_FOUND|360.46|NOT_FOUND|299.49|428.99|NOT_FOUND|124.37|NOT_FOUND|NOT_FOUND|318.68|726.40|170.21
CASE031_cba_standard.png,CASE031_cba_standard.png,bank_statement,174.343697,6,6,35.294118,MODEL1_synthetic_demo_prompt,2026-07-28T15:30:00,50.0,6,3,17,False,SYNTHETIC_DEMO_DATA_NOT_REAL_MEASUREMENTS,BANK_STATEMEN,NOT_FOUND,Commonwealth Bank,NOT_FOUND,Ryan Watts,NOT_FOUND,NOT_FOUND,NOT_FOUND,NOT_FOUND,NOT_FOUND,NOT_FOUND,NOT_FOUND,NOT_FOUND,NOT_FOUND,01/05/2023 - 31/05/2023,01/05/2023|01/05/2023|01/05/2023|02/05/2023|02/05/2023|02/05/2023|04/05/2023|03/05/2023|04/05/2023|05/05/2023|05/05/2023|07/05/2023|09/05/2023|09/05/2023|10/05/2023|10/05/2023|10/05/2023|11/05/2023|12/05/2023|12/05/2023|14/05/2023|15/05/2023|16/05/2023|17/05/2023|NOT_FOUND|19/05/2023|22/05/2023|22/05/2023|26/05/2023|27/05/2023|27/05/2023|28/05/2023|29/05/2023|NOT_FOUND,289.17|112.25|187.63|270.72|574.92|NOT_FOUND|NOT_FOUND|NOT_FOUND|519.95|187.53|366.24|556.37|920.92|517.00|128.21|237.63|16.50|221.07|NOT_FOUND|NOT_FOUND|NOT_FOUND|72.20|NOT_FOUND|125.47|353.44|520.05|482.94|304.24|245.54|1639.20|149.01|559.44|238.40|217.56
CASE032_anz_modern.png,CASE032_anz_modern.png,bank_statement,172.561546,6,6,35.294118,MODEL1_synthetic_demo_prompt,2026-07-28T15:31:00,66.666667,6,4,17,False,SYNTHETIC_DEMO_DATA_NOT_REAL_MEASUREMENTS,BANK_STATEMENT,NOT_FOUND,ANZ,NOT_FOUND,Jonathan Yates,NOT_FOUND,NOT_FOUND,NOT_FOUND,NOT_FOUND,NOT_FOUND,NOT_FOUND,NOT_FOUND,NOT_FOUND,NOT_FOUND,01/01/2024 - 29/01/2024,01/01/2024|01/01/2024|02/01/2024|02/01/2024|02/01/2024|02/01/2024|03/01/2024|03/01/2024|05/01/2024|06/01/2024|08/01/2024|08/01/2024|10/01/2024|11/01/2024|12/01/2024|14/01/2024|15/01/2024|16/01/2024|18/01/2024|19/01/2024|19/01/2024|20/01/2024|21/01/2024|24/01/2024|24/01/2024|25/01/2024|26/01/2024|26/01/2024|27/01/2024|29/01/2024|29/01/2024,426.10|NOT_FOUND|548.11|NOT_FOUND|498.04|142.42|546.93|438.21|516.52|NOT_FOUND|373.17|271.85|173.10|144.18|34.75|216.34|52.12|248.13|4126.65|287.70|NOT_FOUND|NOT_FOUND|NOT_FOUND|146.23|340.67|556.17|63.90|108.39|88.10|NOT_FOUND|NOT_FOUND|178.30
CASE033_nab_classic.png,CASE033_nab_classic.png,bank_statement,111.892053,6,5,35.294118,MODEL1_synthetic_demo_prompt,2026-07-28T15:32:00,16.666667,6,1,17,False,SYNTHETIC_DEMO_DATA_NOT_REAL_MEASUREMENTS,BANK_STATEMENT,NOT_FOUND,National Australia,NOT_FOUND,NOT_FOUND,NOT_FOUND,NOT_FOUND,NOT_FOUND,NOT_FOUND,NOT_FOUND,NOT_FOUND,NOT_FOUND,NOT_FOUND,NOT_FOUND,01/02/2024 -,01/02/2024|01/02/2024|02/02/2024|04/02/2024|05/02/2024|04/02/2024|06/02/2024|06/02/2024|06/02/2024|07/02/2024|07/02/2024|08/02/2024|08/02/2024|08/02/2024|09/02/2024|09/02/2024|09/02/2024|10/02/2024|10/02/2024|15/02/2024|16/02/2024|17/02/2024|18/02/2024|18/02/2024|18/02/2024|21/02/2024|20/02/2024|22/02/2024|25/02/2024|26/02/2024|26/02/2024|27/02/2024|27/02/2024|29/02/2024,551.62|581.38|NOT_FOUND|570.02|295.86|266.25|362.73|155.96|505.67|NOT_FOUND|296.45|9331.61|569.25|462.44|517.24|455.52|NOT_FOUND|307.66|124.63|NOT_FOUND|177.81|94.83|93.39|502.25|576.09|231.65|110.73|NOT_FOUND|316.43|15.79|419.49|213.52|378.46|133.40
CASE034_westpac_premium.png,CASE034_westpac_premium.png,bank_statement,158.830466,6,6,35.294118,MODEL1_synthetic_demo_prompt,2026-07-28T15:33:00,66.666667,6,4,17,False,SYNTHETIC_DEMO_DATA_NOT_REAL_MEASUREMENTS,BANK_STATEMENT,NOT_FOUND,Westpac,NOT_FOUND,Misty Wilkerson,NOT_FOUND,NOT_FOUND,NOT_FOUND,NOT_FOUND,NOT_FOUND,NOT_FOUND,NOT_FOUND,NOT_FOUND,NOT_FOUND,03/09/2024 - 30/09/2024,03/09/2024|04/09/2024|04/09/2024|05/09/2024|06/09/2024|07/09/2024|09/09/2024|09/09/2024|09/09/2024|11/09/2024|13/09/2024|17/09/2024|19/09/2024|19/09/2024|19/09/2024|19/09/2024|20/09/2024|20/09/2024|20/09/2024|21/09/2024|22/09/2024|24/09/2024|24/09/2024|25/09/2024|26/09/2024|26/09/2024|26/09/2024|26/09/2024|28/09/2024|28/09/2024|30/09/2024,526.02|152.06|531.14|NOT_FOUND|320.34|2221.08|582.97|NOT_FOUND|271.59|206.27|255.66|111.83|79.45|197.33|191.59|343.37|64.52|101.87|312.83|290.37|522.90|116.62|502.12|73.63|127.09|154.44|NOT_FOUND|NOT_FOUND|213.38|460.20|362.19
CASE035_westpac_standard.png,CASE035_westpac_standard.png,bank_statement,138.519556,6,6,35.294118,MODEL1_synthetic_demo_prompt,2026-07-28T15:34:00,50.0,6,3,17,False,SYNTHETIC_DEMO_DATA_NOT_REAL_MEASUREMENTS,BANK_STATEMENT,NOT_FOUND,Westpa,NOT_FOUND,Allison Davis,NOT_FOUND,NOT_FOUND,NOT_FOUND,NOT_FOUND,NOT_FOUND,NOT_FOUND,NOT_FOUND,NOT_FOUND,NOT_FOUND,01/06/2023 - 30/06/2023,01/06/2023|02/06/2023|03/06/2023|04/06/2023|05/06/2023|06/06/2023|07/06/2023|07/06/2023|NOT_FOUND|08/06/2023|08/06/2023|11/06/2023|12/06/2023|12/06/2023|13/06/2023|14/06/2023|20/06/2023|21/06/2023|21/06/2023|21/06/2023|25/06/2023|NOT_FOUND|27/06/2023|29/06/2023|NOT_FOUND,30.55|NOT_FOUND|16.84|177.57|229.97|98.73|281.55|183.01|583.39|235.33|NOT_FOUND|230.80|41.01|363.46|4838.53|160.86|189.38|255.08|67.22|453.26|241.38|NOT_FOUND|58.48|567.84
CASE036_cba_standard.png,CASE036_cba_standard.png,bank_statement,168.755509,6,6,35.294118,MODEL1_synthetic_demo_prompt,2026-07-28T15:35:00,66.666667,6,4,17,False,SYNTHETIC_DEMO_DATA_NOT_REAL_MEASUREMENTS,BANK_STATEMENT,NOT_FOUND,Commonwealth Bank,NOT_FOUND,Christine Barton,NOT_FOUND,NOT_FOUND,NOT_FOUND,NOT_FOUND,NOT_FOUND,NOT_FOUND,NOT_FOUND,NOT_FOUND,NOT_FOUND,01/03/2023 - 31/03/2023,01/03/2023|01/03/2023|02/03/2023|03/03/2023|05/03/2023|06/03/2023|07/03/2023|07/03/2023|07/03/2023|08/03/2023|08/03/2023|10/03/2023|11/03/2023|12/03/2023|12/03/2023|13/03/2023|15/03/2023|15/03/2023|15/03/2023|16/03/2023|17/03/2023|18/03/2023|20/03/2023|21/03/2023|21/03/2023|22/03/2023|23/03/2023|24/03/2023|24/03/2023|26/03/2023|28/03/2023|28/03/2023|28/03/2023|28/03/2023|29/03/2023|29/03/2023|30/03/2023|30/03/2023|30/03/2023|31/03/2023,524.53|NOT_FOUND|42452.45|293.68|253.61|345.26|190.93|516.90|449.82|NOT_FOUND|404.56|304.29|571.70|154.37|335.67|144.28|125.89|345.90|364.80|211.27|537.09|386.35|462.19|473.63|NOT_FOUND|191.73|462.56|202.15|104.65|45.00|133.65|201.48|268.57|NOT_FOUND|160.66|5006.90|300.29|509.32|276.26|NOT_FOUND
CASE037_anz_modern.png,CASE037_anz_modern.png,bank_statement,108.424509,6,6,35.294118,MODEL1_synthetic_demo_prompt,2026-07-28T15:36:00,66.666667,6,4,17,False,SYNTHETIC_DEMO_DATA_NOT_REAL_MEASUREMENTS,BANK_STATEMENT,NOT_FOUND,ANZ,NOT_FOUND,Jeremy Zimmerman,NOT_FOUND,NOT_FOUND,NOT_FOUND,NOT_FOUND,NOT_FOUND,NOT_FOUND,NOT_FOUND,NOT_FOUND,NOT_FOUND,01/01/2023 - 30/01/2023,01/01/2023|04/01/2023|06/01/2023|05/01/2023|06/01/2023|07/01/2023|07/01/2023|07/01/2023|08/01/2023|09/01/2023|10/01/2023|11/01/2023|12/01/2023|14/01/2023|15/01/2023|18/01/2023|18/01/2023|19/01/2023|19/01/2023|19/01/2023|20/01/2023|21/01/2023|22/01/2023|23/01/2023|23/01/2023|24/01/2023|25/01/2023|25/01/2023|26/01/2023|26/01/2023|28/01/2023|28/01/2023|29/01/2023|29/01/2023|30/01/2023,129.00|25.00|NOT_FOUND|NOT_FOUND|NOT_FOUND|85.49|229.31|247.93|NOT_FOUND|459.88|76.32|540.73|84.24|157.37|203.49|587.92|516.03|396.72|441.45|844.70|277.01|467.79|328.28|565.89|537.31|75.66|44.94|240.69|131.44|46866.66|465.28|100.67|152.36|NOT_FOUND|355.61
CASE038_cba_date_grouped.png,CASE038_cba_date_grouped.png,bank_statement,119.052874,6,6,35.294118,MODEL1_synthetic_demo_prompt,2026-07-28T15:37:00,66.666667,6,4,17,False,SYNTHETIC_DEMO_DATA_NOT_REAL_MEASUREMENTS,BANK_STATEMENT,NOT_FOUND,Commonwealth Bank,NOT_FOUND,Crystal Sanford,NOT_FOUND,NOT_FOUND,NOT_FOUND,NOT_FOUND,NOT_FOUND,NOT_FOUND,NOT_FOUND,NOT_FOUND,NOT_FOUND,04/11/2024 - 30/11/2024,04/11/2024|04/11/2024|04/11/2024|04/11/2024|07/11/2024|08/11/2024|13/11/2024|13/11/2024|16/11/2024|16/11/2024|18/11/2024|19/11/2024|19/11/2024|19/11/2024|20/11/2024|20/11/2024|21/11/2024|23/11/2024|26/11/2024|25/11/2024|26/11/2024|27/11/2024|27/11/2024|28/11/2024|28/11/2024|30/11/2024,382.01|217.90|NOT_FOUND|NOT_FOUND|235.83|NOT_FOUND|455.31|NOT_FOUND|13885.98|324.37|392.26|338.23|NOT_FOUND|55.45|325.86|281.54|47.63|264.19|205.01|467.03|503.09|484.90|304.81|319.08|12.75|117.25|97.82|NOT_FOUND
CASE039_anz_standard.png,CASE039_anz_standard.png,bank_statement,172.652893,6,6,35.294118,MODEL1_synthetic_demo_prompt,2026-07-28T15:38:00,50.0,6,3,17,False,SYNTHETIC_DEMO_DATA_NOT_REAL_MEASUREMENTS,BANK_STATEMENT,NOT_FOUND,ANZ,NOT_FOUND,Richard Thompson,NOT_FOUND,NOT_FOUND,NOT_FOUND,NOT_FOUND,NOT_FOUND,NOT_FOUND,NOT_FOUND,NOT_FOUND,NOT_FOUND,02/02/2023 -,02/02/2023|02/02/2023|03/02/2023|04/02/2023|05/02/2023|06/02/2023|07/02/2023|08/02/2023|08/02/2023|11/02/2023|11/02/2023|12/02/2023|12/02/2023|13/02/2023|13/02/2023|15/02/2023|16/02/2023|15/02/2023|16/02/2023|16/02/2023|18/02/2023|18/02/2023|20/02/2023|20/02/2023|22/02/2023|22/02/2023|27/02/2023|26/02/2023|27/02/2023|27/02/2023|27/02/2023,317.79|248.50|303.59|NOT_FOUND|NOT_FOUND|22.04|NOT_FOUND|229.35|NOT_FOUND|NOT_FOUND|78.01|NOT_FOUND|128.47|59.33|401.10|55.39|118.54|211.42|94.58|NOT_FOUND|515.63|176.66|292.69|NOT_FOUND|209.30|187.19|NOT_FOUND|NOT_FOUND|370.11|513.03
CASE040_nab_dense.png,CASE040_nab_dense.png,bank_statement,149.392219,6,6,35.294118,MODEL1_synthetic_demo_prompt,2026-07-28T15:39:00,83.333333,6,5,17,False,SYNTHETIC_DEMO_DATA_NOT_REAL_MEASUREMENTS,BANK_STATEMENT,NOT_FOUND,National Australia Bank,NOT_FOUND,Edward Johnson,NOT_FOUND,NOT_FOUND,NOT_FOUND,NOT_FOUND,NOT_FOUND,NOT_FOUND,NOT_FOUND,NOT_FOUND,NOT_FOUND,03/04/2024 - 30/04/2024,04/04/2024|04/04/2024|06/04/2024|06/04/2024|06/04/2024|07/04/2024|NOT_FOUND|10/04/2024|10/04/2024|11/04/2024|11/04/2024|12/04/2024|14/04/2024|16/04/2024|17/04/2024|18/04/2024|18/04/2024|19/04/2024|20/04/2024|23/04/2024|26/04/2024|26/04/2024|28/04/2024|28/04/2024|29/04/2024|29/04/2024|29/04/2024|30/04/2024,546.42|559.26|50.65|429.73|NOT_FOUND|274.87|226.41|176.17|488.35|NOT_FOUND|382.29|64.11|NOT_FOUND|NOT_FOUND|121.04|NOT_FOUND|176.05|407.68|NOT_FOUND|194.95|NOT_FOUND|2639.42|NOT_FOUND|499.57|202.84|NOT_FOUND|148.74|NOT_FOUND|343.54
CASE041_anz_modern.png,CASE041_anz_modern.png,bank_statement,136.511229,6,6,35.294118,MODEL1_synthetic_demo_prompt,2026-07-28T15:40:00,66.666667,6,4,17,False,SYNTHETIC_DEMO_DATA_NOT_REAL_MEASUREMENTS,BANK_STATEMENT,NOT_FOUND,ANZ,NOT_FOUND,Jacob Williamson,NOT_FOUND,NOT_FOUND,NOT_FOUND,NOT_FOUND,NOT_FOUND,NOT_FOUND,NOT_FOUND,NOT_FOUND,NOT_FOUND,01/11/2024 - 30/11/2024,01/11/2024|02/11/2024|03/11/2024|NOT_FOUND|05/11/2024|05/11/2024|07/11/2024|08/11/2024|08/11/2024|08/11/2024|09/11/2024|11/11/2024|11/11/2024|11/11/2024|11/11/2024|13/11/2024|16/11/2024|16/11/2024|17/11/2024|17/11/2024|18/11/2024|19/11/2024|19/11/2024|19/11/2024|20/11/2024|20/11/2024|21/11/2024|23/11/2024|23/11/2024|27/11/2024|26/11/2024|26/11/2024|27/11/2024|27/11/2024|29/11/2024|29/11/2024|29/11/2024|NOT_FOUND|30/11/2024,510.19|151.71|574.43|184.42|NOT_FOUND|337.61|200.45|381.05|343.71|318.44|NOT_FOUND|292.43|21.36|145.41|NOT_FOUND|207.35|464.31|501.43|311.55|280.15|531.80|NOT_FOUND|NOT_FOUND|NOT_FOUND|169.34|265.17|434.13|597.54|362.85|105.56|206.35|328.72|NOT_FOUND|NOT_FOUND|452.40|481.96|386.57|NOT_FOUND|38027.36|132.98
CASE042_nab_classic.png,CASE042_nab_classic.png,bank_statement,171.454645,6,5,35.294118,MODEL1_synthetic_demo_prompt,2026-07-28T15:41:00,50.0,6,3,17,False,SYNTHETIC_DEMO_DATA_NOT_REAL_MEASUREMENTS,BANK_STATEMENT,NOT_FOUND,NOT_FOUND,NOT_FOUND,Monique Garza,NOT_FOUND,NOT_FOUND,NOT_FOUND,NOT_FOUND,NOT_FOUND,NOT_FOUND,NOT_FOUND,NOT_FOUND,NOT_FOUND,01/11/2024 - 29/11/2024,01/11/2024|01/11/2024|04/11/2024|07/11/2024|09/11/2024|11/11/2024|12/11/2024|12/11/2024|13/11/2024|14/11/2024|14/11/2024|16/11/2024|16/11/2024|16/11/2024|16/11/2024|18/11/2024|20/11/2024|20/11/2024|22/11/2024|23/11/2024|25/11/2024|25/11/2024|26/11/2024|01/11/2024|29/11/2024,NOT_FOUND|66.02|33.49|1202.56|13.36|144.95|478.66|49.49|609.60|52.09|3534.50|311.02|482.72|516.63|155.77|26.32|372.79|363.89|284.06|NOT_FOUND|215.62|463.31|NOT_FOUND|231.25|83.41|311.56
CASE043_anz_standard.png,CASE043_anz_standard.png,bank_statement,114.873986,6,6,35.294118,MODEL1_synthetic_demo_prompt,2026-07-28T15:42:00,66.666667,6,4,17,False,SYNTHETIC_DEMO_DATA_NOT_REAL_MEASUREMENTS,BANK_STATEMENT,NOT_FOUND,ANZ,NOT_FOUND,Joel Estrada,NOT_FOUND,NOT_FOUND,NOT_FOUND,NOT_FOUND,NOT_FOUND,NOT_FOUND,NOT_FOUND,NOT_FOUND,NOT_FOUND,01/05/2023 - 29/05/2023,01/05/2023|01/05/2023|02/05/2023|02/05/2023|02/05/2023|02/05/2023|03/05/2023|04/05/2023|NOT_FOUND|04/05/2023|04/05/2023|04/05/2023|05/05/2023|05/05/2023|06/05/2023|06/05/2023|07/05/2023|09/05/2023|11/05/2023|12/05/2023|13/05/2023|14/05/2023|14/05/2023|16/05/2023|17/05/2023|18/05/2023|18/05/2023|19/05/2023|20/05/2023|NOT_FOUND|22/05/2023|22/05/2023|25/05/2023|26/05/2023|27/05/2023|28/05/2023|29/05/2023,NOT_FOUND|1800.74|573.14|369.67|NOT_FOUND|329.35|367.87|249.01|390.83|62.78|NOT_FOUND|427.19|516.52|34.78|342.60|365.55|100.10|3485.80|49.57|534.39|92.93|230.44|392.95|285.15|184.30|33.91|NOT_FOUND|248.01|457.51|441.56|35.97|594.35|555.64|534.61|NOT_FOUND|571.74|556.37|377.60
CASE044_nab_dense.png,CASE044_nab_dense.png,bank_statement,160.349079,6,6,35.294118,MODEL1_synthetic_demo_prompt,2026-07-28T15:43:00,66.666667,6,4,17,False,SYNTHETIC_DEMO_DATA_NOT_REAL_MEASUREMENTS,BANK_STATEMENT,NOT_FOUND,National Australia Bank,NOT_FOUND,Rick Wilson,NOT_FOUND,NOT_FOUND,NOT_FOUND,NOT_FOUND,NOT_FOUND,NOT_FOUND,NOT_FOUND,NOT_FOUND,NOT_FOUND,01/06/2024 - 30/06/2024,01/06/2024|03/06/2024|03/06/2024|03/06/2024|04/06/2024|06/06/2024|06/06/2024|07/06/2024|08/06/2024|08/06/2024|08/06/2024|10/06/2024|11/06/2024|11/06/2024|13/06/2024|14/06/2024|14/06/2024|15/06/2024|14/06/2024|16/06/2024|16/06/2024|18/06/2024|19/06/2024|19/06/2024|20/06/2024|20/06/2024|24/06/2024|26/06/2024|26/06/2024|28/06/2024|28/06/2024|29/06/2024|30/06/2024|30/06/2024,402.97|494.64|500.76|416.53|183.26|84.40|251.83|NOT_FOUND|472.40|NOT_FOUND|312.54|530.33|411.41|NOT_FOUND|289.97|NOT_FOUND|19.64|NOT_FOUND|19265.09|NOT_FOUND|406.37|387.02|76.89|475.51|105.75|486.29|NOT_FOUND|277.22|89.11|473.83|420.58|NOT_FOUND|40.98|223.89
CASE045_westpac_standard.png,CASE045_westpac_standard.png,bank_statement,138.142994,6,6,35.294118,MODEL1_synthetic_demo_prompt,2026-07-28T15:44:00,50.0,6,3,17,False,SYNTHETIC_DEMO_DATA_NOT_REAL_MEASUREMENTS,BANK_STATEMEN,NOT_FOUND,Westpac,NOT_FOUND,Tonya Wall,NOT_FOUND,NOT_FOUND,NOT_FOUND,NOT_FOUND,NOT_FOUND,NOT_FOUND,NOT_FOUND,NOT_FOUND,NOT_FOUND,02/03/2023 - 30/03/2023,02/03/2023|03/03/2023|03/03/2023|04/03/2023|05/03/2023|08/03/2023|09/03/2023|10/03/2023|10/03/2023|10/03/2023|13/03/2023|18/03/2023|18/03/2023|19/03/2023|18/03/2023|19/03/2023|19/03/2023|22/03/2023|22/03/2023|23/03/2023|23/03/2023|25/03/2023|25/03/2023|26/03/2023|28/03/2023|28/03/2023|28/03/2023|29/03/2023|30/03/2023|30/03/2023|30/03/2023,73.03|58.39|150.77|123.56|5123.68|427.07|490.52|88.45|73.10|411.39|299.05|NOT_FOUND|473.56|139.14|NOT_FOUND|487.73|345.09|381.02|128.02|220.56|343.44|411.77|NOT_FOUND|329.23|307.18|25.87|1255.60|79.55|NOT_FOUND|134.95|570.48
CASE046_westpac_premium.png,CASE046_westpac_premium.png,bank_statement,159.640845,6,6,35.294118,MODEL1_synthetic_demo_prompt,2026-07-28T15:45:00,33.333333,6,2,17,False,SYNTHETIC_DEMO_DATA_NOT_REAL_MEASUREMENTS,BANK_STATEMENT,NOT_FOUND,Westpac,NOT_FOUND,Daniel,NOT_FOUND,NOT_FOUND,NOT_FOUND,NOT_FOUND,NOT_FOUND,NOT_FOUND,NOT_FOUND,NOT_FOUND,NOT_FOUND,01/03/2024 -,01/03/2024|03/03/2024|04/03/2024|06/03/2024|NOT_FOUND|NOT_FOUND|07/03/2024|09/03/2024|10/03/2024|10/03/2024|11/03/2024|13/03/2024|13/03/2024|15/03/2024|15/03/2024|15/03/2024|15/03/2024|NOT_FOUND|19/03/2024|20/03/2024|20/03/2024|20/03/2024|25/03/2024|25/03/2024|26/03/2024|26/03/2024|27/03/2024|28/03/2024|28/03/2024|30/03/2024|31/03/2024,328.02|335.84|511.64|57.29|38.14|NOT_FOUND|572.32|478.87|291.30|233.87|232.96|253.65|374.67|520.50|569.58|245.83|250.51|192.66|21938.47|457.02|NOT_FOUND|NOT_FOUND|NOT_FOUND|356.40|NOT_FOUND|300.62|551.70|536.18|334.35|NOT_FOUND
CASE047_cba_standard.png,CASE047_cba_standard.png,bank_statement,171.305854,6,6,35.294118,MODEL1_synthetic_demo_prompt,2026-07-28T15:46:00,66.666667,6,4,17,False,SYNTHETIC_DEMO_DATA_NOT_REAL_MEASUREMENTS,BANK_STATEMENT,NOT_FOUND,Commonwealth Bank,NOT_FOUND,Edward Foster,NOT_FOUND,NOT_FOUND,NOT_FOUND,NOT_FOUND,NOT_FOUND,NOT_FOUND,NOT_FOUND,NOT_FOUND,NOT_FOUND,01/09/2023 - 27/09/2023,01/09/2023|02/09/2023|04/09/2023|03/09/2023|04/09/2023|05/09/2023|06/09/2023|06/09/2023|07/09/2023|08/09/2023|08/09/2023|08/09/2023|08/09/2023|09/09/2023|10/09/2023|11/09/2023|11/09/2023|11/09/2023|13/09/2023|14/09/2023|14/09/2023|15/09/2023|16/09/2023|18/09/2023|17/09/2023|18/09/2023|18/09/2023|19/09/2023|20/09/2023|20/09/2023|24/09/2023|25/09/2023|28/09/2023,150.21|2747.62|NOT_FOUND|492.72|159.88|379.56|NOT_FOUND|276.40|348.71|NOT_FOUND|96.69|119.12|250.61|11.26|NOT_FOUND|NOT_FOUND|NOT_FOUND|554.84|195.08|511.36|13.84|NOT_FOUND|321.41|466.46|NOT_FOUND|438.35|437.74|89.03|NOT_FOUND|221.15|NOT_FOUND|NOT_FOUND|138.77|412.41
CASE048_cba_date_grouped.png,CASE048_cba_date_grouped.png,bank_statement,124.345198,6,6,35.294118,MODEL1_synthetic_demo_prompt,2026-07-28T15:47:00,83.333333,6,5,17,False,SYNTHETIC_DEMO_DATA_NOT_REAL_MEASUREMENTS,BANK_STATEMENT,NOT_FOUND,Commonwealth Bank,NOT_FOUND,Robert Henry,NOT_FOUND,NOT_FOUND,NOT_FOUND,NOT_FOUND,NOT_FOUND,NOT_FOUND,NOT_FOUND,NOT_FOUND,NOT_FOUND,01/08/2024 - 30/08/2024,01/08/2024|03/08/2024|03/08/2024|04/08/2024|05/08/2024|06/08/2024|NOT_FOUND|06/08/2024|06/08/2024|16/08/2024|16/08/2024|16/08/2024|17/08/2024|18/08/2024|19/08/2024|21/08/2024|21/08/2024|22/08/2024|25/08/2024|27/08/2024|27/08/2024|27/08/2024|27/08/2024|29/08/2024|02/08/2024|29/08/2024|30/08/2024|30/08/2024,526.09|42718.06|347.73|NOT_FOUND|18.75|52.92|465.82|512.01|185.90|215.79|328.17|NOT_FOUND|503.86|245.17|234.75|469.24|125.70|475.83|NOT_FOUND|108.93|70.31|NOT_FOUND|14.49|37.67|191.47|375.43|576.28|279.41
CASE049_anz_modern.png,CASE049_anz_modern.png,bank_statement,174.726599,6,6,35.294118,MODEL1_synthetic_demo_prompt,2026-07-28T15:48:00,83.333333,6,5,17,False,SYNTHETIC_DEMO_DATA_NOT_REAL_MEASUREMENTS,BANK_STATEMENT,NOT_FOUND,ANZ,NOT_FOUND,Joseph Chase,NOT_FOUND,NOT_FOUND,NOT_FOUND,NOT_FOUND,NOT_FOUND,NOT_FOUND,NOT_FOUND,NOT_FOUND,NOT_FOUND,03/06/2024 - 30/06/2024,03/06/2024|05/06/2024|06/06/2024|11/06/2024|11/06/2024|12/06/2024|13/06/2024|14/06/2024|14/06/2024|14/06/2024|15/06/2024|15/06/2024|17/06/2024|17/06/2024|17/06/2024|18/06/2024|18/06/2024|18/06/2024|19/06/2024|25/06/2024|25/06/2024|25/06/2024|26/06/2024|27/06/2024|26/06/2024|28/06/2024|28/06/2024|28/06/2024|28/06/2024|NOT_FOUND|30/06/2024|30/06/2024,34164.44|189.68|102.01|522.41|337.77|356.00|NOT_FOUND|179.87|NOT_FOUND|44.80|213.55|199.30|94.04|576.61|574.45|NOT_FOUND|395.46|437.62|164.01|299.29|NOT_FOUND|367.88|NOT_FOUND|490.66|NOT_FOUND|10.29|395.72|58.76|441.74|78.40|400.41|NOT_FOUND
CASE050_cba_standard.png,CASE050_cba_standard.png,bank_statement,138.08089,6,5,35.294118,MODEL1_synthetic_demo_prompt,2026-07-28T15:49:00,33.333333,6,2,17,False,SYNTHETIC_DEMO_DATA_NOT_REAL_MEASUREMENTS,BANK_STATEMENT,NOT_FOUND,Commonwealth Bank,NOT_FOUND,NOT_FOUND,NOT_FOUND,NOT_FOUND,NOT_FOUND,NOT_FOUND,NOT_FOUND,NOT_FOUND,NOT_FOUND,NOT_FOUND,NOT_FOUND,01/09/2023 -,01/09/2023|01/09/2023|03/09/2023|04/09/2023|04/09/2023|05/09/2023|06/09/2023|05/09/2023|06/09/2023|10/09/2023|11/09/2023|NOT_FOUND|15/09/2023|17/09/2023|17/09/2023|18/09/2023|19/09/2023|21/09/2023|21/09/2023|22/09/2023|22/09/2023|22/09/2023|25/09/2023|25/09/2023|26/09/2023|26/09/2023|26/09/2023|28/09/2023|29/09/2023,NOT_FOUND|NOT_FOUND|361.23|558.81|363.45|2510.75|517.41|140.88|227.45|NOT_FOUND|275.10|489.28|59.82|489.67|20.28|27.51|495.33|NOT_FOUND|NOT_FOUND|83.35|348.76|391.48|194.15|414.24|NOT_FOUND|NOT_FOUND|531.22|NOT_FOUND|148.77|379.32
CASE051_westpac_standard.png,CASE051_westpac_standard.png,bank_statement,136.942199,6,6,35.294118,MODEL1_synthetic_demo_prompt,2026-07-28T15:50:00,66.666667,6,4,17,False,SYNTHETIC_DEMO_DATA_NOT_REAL_MEASUREMENTS,BANK_STATEMENT,NOT_FOUND,Westpac,NOT_FOUND,Daniel Lester,NOT_FOUND,NOT_FOUND,NOT_FOUND,NOT_FOUND,NOT_FOUND,NOT_FOUND,NOT_FOUND,NOT_FOUND,NOT_FOUND,01/06/2024 - 30/06/2024,01/06/2024|01/06/2024|02/06/2024|02/06/2024|03/06/2024|03/06/2024|06/06/2024|06/06/2024|07/06/2024|10/06/2024|11/06/2024|13/06/2024|13/06/2024|13/06/2024|15/06/2024|15/06/2024|15/06/2024|17/06/2024|17/06/2024|17/06/2024|18/06/2024|19/06/2024|19/06/2024|19/06/2024|20/06/2024|21/06/2024|22/06/2024|26/06/2024|27/06/2024|NOT_FOUND|27/06/2024|30/06/2024,340.22|167.61|76.37|73.14|NOT_FOUND|194.31|497.06|324.30|365.15|537.72|601.60|197.55|455.81|332.56|NOT_FOUND|568.84|344.66|436.21|76.90|132.21|37.71|9.88|NOT_FOUND|299.12|17228.62|485.11|464.55|419.93|578.96|56.65|480.16|595.07
CASE052_westpac_premium.png,CASE052_westpac_premium.png,bank_statement,146.083939,6,6,35.294118,MODEL1_synthetic_demo_prompt,2026-07-28T15:51:00,66.666667,6,4,17,False,SYNTHETIC_DEMO_DATA_NOT_REAL_MEASUREMENTS,BANK_STATEMENT,NOT_FOUND,Westpac,NOT_FOUND,Karen Hunter,NOT_FOUND,NOT_FOUND,NOT_FOUND,NOT_FOUND,NOT_FOUND,NOT_FOUND,NOT_FOUND,NOT_FOUND,NOT_FOUND,01/02/2023 - 28/02/2023,01/02/2023|02/02/2023|03/02/2023|04/02/2023|05/02/2023|05/02/2023|06/02/2023|06/02/2023|07/02/2023|08/02/2023|08/02/2023|09/02/2023|09/02/2023|09/02/2023|NOT_FOUND|12/02/2023|12/02/2023|14/02/2023|14/02/2023|15/02/2023|15/02/2023|16/02/2023|17/02/2023|19/02/2023|21/02/2023|23/02/2023|24/02/2023|24/02/2023|24/02/2023|25/02/2023|26/02/2023|26/02/2023|26/02/2023|26/02/2023|NOT_FOUND,113.15|160.13|460.85|233.91|5777.70|NOT_FOUND|313.67|174.52|416.18|96.78|468.08|NOT_FOUND|451.14|15002.49|317.66|566.78|136.46|282.17|16.61|557.85|125.04|12.07|NOT_FOUND|NOT_FOUND|465.73|265.73|NOT_FOUND|88.29|NOT_FOUND|NOT_FOUND|175.40|312.21|411.80|559.12|555.95
CASE053_anz_standard.png,CASE053_anz_standard.png,bank_statement,159.812552,6,5,35.294118,MODEL1_synthetic_demo_prompt,2026-07-28T15:52:00,50.0,6,3,17,False,SYNTHETIC_DEMO_DATA_NOT_REAL_MEASUREMENTS,BANK_STATEMENT,NOT_FOUND,ANZ,NOT_FOUND,Blake Dennis,NOT_FOUND,NOT_FOUND,NOT_FOUND,NOT_FOUND,NOT_FOUND,NOT_FOUND,NOT_FOUND,NOT_FOUND,NOT_FOUND,NOT_FOUND,01/03/2024|02/03/2024|03/03/2024|06/03/2024|06/03/2024|06/03/2024|06/03/2024|08/03/2024|09/03/2024|09/03/2024|11/03/2024|17/03/2024|17/03/2024|17/03/2024|18/03/2024|20/03/2024|21/03/2024|23/03/2024|23/03/2024|24/03/2024|26/03/2024|27/03/2024|28/03/2024|28/03/2024|29/03/2024|29/03/2024|30/03/2024|30/03/2024|31/03/2024,294.07|507.87|NOT_FOUND|NOT_FOUND|341.45|520.47|556.16|6865.67|NOT_FOUND|582.78|322.66|553.47|556.94|381.08|565.43|415.18|598.94|190.06|NOT_FOUND|269.69|NOT_FOUND|15.74|84.37|186.94|458.38|250.46|238.25|43.28|NOT_FOUND
CASE054_nab_classic.png,CASE054_nab_classic.png,bank_statement,137.021452,6,6,35.294118,MODEL1_synthetic_demo_prompt,2026-07-28T15:53:00,50.0,6,3,17,False,SYNTHETIC_DEMO_DATA_NOT_REAL_MEASUREMENTS,BANK_STATEMEN,NOT_FOUND,National Australia Bank,NOT_FOUND,Dawn Cummings,NOT_FOUND,NOT_FOUND,NOT_FOUND,NOT_FOUND,NOT_FOUND,NOT_FOUND,NOT_FOUND,NOT_FOUND,NOT_FOUND,01/03/2024 - 31/03/2024,01/03/2024|01/03/2024|02/03/2024|03/03/2024|04/03/2024|05/03/2024|05/03/2024|06/03/2024|06/03/2024|06/03/2024|06/03/2024|07/03/2024|08/03/2024|09/03/2024|09/03/2024|11/03/2024|12/03/2024|13/03/2024|13/03/2024|13/03/2024|15/03/2024|15/03/2024|16/03/2024|18/03/2024|19/03/2024|NOT_FOUND|NOT_FOUND|22/03/2024|24/03/2024|26/03/2024|26/03/2024|28/03/2024|29/03/2024|31/03/2024,220.14|272.00|276.18|NOT_FOUND|NOT_FOUND|482.68|NOT_FOUND|NOT_FOUND|345.70|551.13|540.54|NOT_FOUND|89.81|NOT_FOUND|432.99|561.59|413.43|138.72|NOT_FOUND|149.70|3943.01|305.64|147.98|366.75|86.39|552.58|NOT_FOUND|403.36|56.42|NOT_FOUND|568.72|235.56|NOT_FOUND
CASE055_nab_dense.png,CASE055_nab_dense.png,bank_statement,128.456082,6,6,35.294118,MODEL1_synthetic_demo_prompt,2026-07-28T15:54:00,66.666667,6,4,17,False,SYNTHETIC_DEMO_DATA_NOT_REAL_MEASUREMENTS,BANK_STATEMENT,NOT_FOUND,National Australia Bank,NOT_FOUND,Sean Lewis,NOT_FOUND,NOT_FOUND,NOT_FOUND,NOT_FOUND,NOT_FOUND,NOT_FOUND,NOT_FOUND,NOT_FOUND,NOT_FOUND,01/10/2024 - 31/10/2024,01/10/2024|02/10/2024|03/10/2024|05/10/2024|05/10/2024|06/10/2024|06/10/2024|09/10/2024|10/10/2024|11/10/2024|11/10/2024|12/10/2024|12/10/2024|13/10/2024|13/10/2024|13/10/2024|15/10/2024|15/10/2024|17/10/2024|19/10/2024|19/10/2024|20/10/2024|23/10/2024|25/10/2024|25/10/2024|26/10/2024|28/10/2024|28/10/2024|28/10/2024|01/10/2024|30/10/2024|30/10/2024|31/10/2024,15.62|9926.94|NOT_FOUND|64.50|NOT_FOUND|124.46|NOT_FOUND|557.27|192.42|460.21|85.41|143.84|86.23|36.88|32.76|426.59|NOT_FOUND|19.96|115.40|NOT_FOUND|244.12|465.58|246.76|47.32|227.29|19.98|403.33|347.23|289.99|255.69|408.22|565.02
CASE001_tax_invoice_mixed.png,CASE001_tax_invoice_mixed.png,invoice,45.613351,14,14,82.352941,MODEL1_synthetic_demo_prompt,2026-07-28T15:55:00,92.857143,14,13,17,False,SYNTHETIC_DEMO_DATA_NOT_REAL_MEASUREMENTS,INVOICE,57 773 872 148,Prime Consulting Partners,"307 Ibarra Way, St Kilda VIC 3182",Robin Wood,"130 Todd St, Newtown NSW 2042",07/07/2024,Tax return preparation|Trademark registration|Business strategy consulting,5|4|3,707.66|797.82|NOT_FOUND,3538.30|3191.28|1299.24,false,802.88,8831.70,NOT_FOUND,NOT_FOUND,NOT_FOUND
CASE002_tax_invoice_high_value.png,CASE002_tax_invoice_high_value.png,invoice,48.100638,14,14,82.352941,MODEL1_synthetic_demo_prompt,2026-07-28T15:56:00,92.857143,14,13,17,False,SYNTHETIC_DEMO_DATA_NOT_REAL_MEASUREMENTS,INVOICE,29 951 343 320,Ashby Marketing Group,"62 Mckenzie Way, Chatswood NSW 2067",Juan Taylor,"6 Rodriguez Cl, Fortitude Valley QLD",29/08/2023,Due diligence review|Contract review and drafting,2|6,396.29|369.87,792.58|2219.22,false,301.18,3312.98,NOT_FOUND,NOT_FOUND,NOT_FOUND
CASE003_tax_invoice_standard.png,CASE003_tax_invoice_standard.png,invoice,52.381688,14,13,82.352941,MODEL1_synthetic_demo_prompt,2026-07-28T15:57:00,85.714286,14,12,17,False,SYNTHETIC_DEMO_DATA_NOT_REAL_MEASUREMENTS,INVOIC,86 037 917 693,Eastern Creative Agency,"256 King Cres, Subiaco WA 6008",James Edwards,"139 Maldonado Pde, Richmond VIC 3121",05/03/2024,Cybersecurity assessment,6,3733.54,22401.24,false,2240.12,NOT_FOUND,NOT_FOUND,NOT_FOUND,NOT_FOUND
CASE004_tax_invoice_gst_inclusive.png,CASE004_tax_invoice_gst_inclusive.png,invoice,38.317512,14,14,82.352941,MODEL1_synthetic_demo_prompt,2026-07-28T15:58:00,92.857143,14,13,17,False,SYNTHETIC_DEMO_DATA_NOT_REAL_MEASUREMENTS,INVOICE,48 676 320 163,Metro Accounting Group,"179 Leblanc Dr, Subiaco WA 6008",Tanner Johnson,"232 Schmitt Ave, Paddington QLD 4064",24/02/2024,Brand identity design|Software development services,1|UNKNOWN,1372.38|256.45,1372.38|769.35,false,214.17,2355.90,NOT_FOUND,NOT_FOUND,NOT_FOUND
CASE005_tax_invoice_mixed.png,CASE005_tax_invoice_mixed.png,invoice,43.537758,14,14,82.352941,MODEL1_synthetic_demo_prompt,2026-07-28T15:59:00,100.0,14,14,17,False,SYNTHETIC_DEMO_DATA_NOT_REAL_MEASUREMENTS,INVOICE,61 287 083 172,Ockendon IT Solutions,"19 Owen Pde, St Kilda VIC 3182",David Smith,"323 Lindsey Pl, Newtown NSW 2042",12/11/2024,Marketing campaign management,5,121.22,606.10,false,60.61,666.71,NOT_FOUND,NOT_FOUND,NOT_FOUND
CASE006_tax_invoice_gst_inclusive.png,CASE006_tax_invoice_gst_inclusive.png,invoice,43.453781,14,14,82.352941,MODEL1_synthetic_demo_prompt,2026-07-28T15:00:00,92.857143,14,13,17,False,SYNTHETIC_DEMO_DATA_NOT_REAL_MEASUREMENTS,INVOICE,82 788 957 986,Lonsdale Legal Group,"142 Lewis Dr, New Farm QLD",Karen Garcia,"41 Mendoza Dr, Cronulla NSW 2230",25/09/2023,Payroll processing services|Due diligence review|Annual report preparation,4|4|1,86.72|579.47|1233.88,346.88|2317.88|1233.88,false,389.86,4288.50,NOT_FOUND,NOT_FOUND,NOT_FOUND
CASE007_tax_invoice_standard.png,CASE007_tax_invoice_standard.png,invoice,41.681199,14,14,82.352941,MODEL1_synthetic_demo_prompt,2026-07-28T15:01:00,100.0,14,14,17,False,SYNTHETIC_DEMO_DATA_NOT_REAL_MEASUREMENTS,INVOICE,14 872 774 348,Statewide Brand & Media,"312 Haley Cres, Leederville WA 6007",Jennifer Hopkins,"142 Simmons Gr, Newtown NSW 2042",26/08/2024,Annual report preparation|Financial planning services|Brand identity design|Contract review and drafting,3|2|5|1,921.36|202.28|1367.59|391.61,2764.08|404.56|6837.95|391.61,false,1039.82,11438.02,NOT_FOUND,NOT_FOUND,NOT_FOUND
CASE008_tax_invoice_high_value.png,CASE008_tax_invoice_high_value.png,invoice,46.432718,14,14,82.352941,MODEL1_synthetic_demo_prompt,2026-07-28T15:02:00,100.0,14,14,17,False,SYNTHETIC_DEMO_DATA_NOT_REAL_MEASUREMENTS,INVOICE,57 734 714 345,Penhallow Legal Group,"268 Garrett Cl, Leederville WA 6007",Norma Cross,"52 Moore Rd, Chatswood NSW 2067",13/10/2024,Annual report preparation,5,830.78,4153.90,false,415.39,4569.29,NOT_FOUND,NOT_FOUND,NOT_FOUND
CASE009_tax_invoice_gst_inclusive.png,CASE009_tax_invoice_gst_inclusive.png,invoice,38.042093,14,13,82.352941,MODEL1_synthetic_demo_prompt,2026-07-28T15:03:00,92.857143,14,13,17,False,SYNTHETIC_DEMO_DATA_NOT_REAL_MEASUREMENTS,INVOICE,44 581 223 623,Southern Marketing Co,NOT_FOUND,John Manning,"340 Moore Cres, Norwood SA 5067",18/05/2023,IT support and maintenance,1,107.60,107.60,false,10.76,118.36,NOT_FOUND,NOT_FOUND,NOT_FOUND
CASE010_tax_invoice_high_value.png,CASE010_tax_invoice_high_value.png,invoice,45.378634,14,13,82.352941,MODEL1_synthetic_demo_prompt,2026-07-28T15:04:00,78.571429,14,11,17,False,SYNTHETIC_DEMO_DATA_NOT_REAL_MEASUREMENTS,INVOICE,98 166 587 603,Ockendon Tax & Advisory,"188 Rubio Rd, Chatswood NSW 2067",Gerald Herrera,"375 Parker Ave, Chatswood NSW 2067",22/07/2023,Brand identity design|Trademark registration,NOT_FOUND|7,2660.47|902.59,10641.88|6318.13,fals,1696.00,NOT_FOUND,NOT_FOUND,NOT_FOUND,NOT_FOUND
CASE011_tax_invoice_mixed.png,CASE011_tax_invoice_mixed.png,invoice,45.090723,14,14,82.352941,MODEL1_synthetic_demo_prompt,2026-07-28T15:05:00,92.857143,14,13,17,False,SYNTHETIC_DEMO_DATA_NOT_REAL_MEASUREMENTS,INVOICE,56 669 096 705,Yarrow Consulting Partners,"369 Martin Way, St Kilda VIC 3182",Jeffrey Harrison,"353 Martinez Ave, Cronulla NSW 2230",04/09/2023,Trademark registration|Cloud infrastructure migration,8|8,595.05|2493.14,5236.44|19945.12,false,2470.55,27176.07,NOT_FOUND,NOT_FOUND,NOT_FOUND
CASE012_tax_invoice_standard.png,CASE012_tax_invoice_standard.png,invoice,39.526426,14,14,82.352941,MODEL1_synthetic_demo_prompt,2026-07-28T15:06:00,92.857143,14,13,17,False,SYNTHETIC_DEMO_DATA_NOT_REAL_MEASUREMENTS,INVOICE,51 466 889 373,Western Legal,"69 Navarro Cl, Norwood SA 5067",Jason Foster,"268 Ayala Dr, Glenelg SA 5045",15/08/2023,Brand identity design|Payroll processing services,UNKNOWN|UNKNOWN,1863.79|113.87,3727.58|455.48,false,418.31,4601.37,NOT_FOUND,NOT_FOUND,NOT_FOUND
CASE013_tax_invoice_gst_inclusive.png,CASE013_tax_invoice_gst_inclusive.png,invoice,35.407968,14,14,82.352941,MODEL1_synthetic_demo_prompt,2026-07-28T15:07:00,100.0,14,14,17,False,SYNTHETIC_DEMO_DATA_NOT_REAL_MEASUREMENTS,INVOICE,65 467 065 627,Blackwood & Partners Lawyers,"290 Jimenez St, Toowoomba QLD 4350",Louis Norris,"247 Stone Cres, Parramatta NSW 2150",17/06/2023,Professional consultation services|Accounting and bookkeeping|Cloud infrastructure migration|Marketing campaign management,7|5|1|2,176.65|158.75|5695.32|165.52,1236.55|793.75|5695.32|331.04,false,805.67,8862.33,NOT_FOUND,NOT_FOUND,NOT_FOUND
CASE014_tax_invoice_standard.png,CASE014_tax_invoice_standard.png,invoice,43.526572,14,14,82.352941,MODEL1_synthetic_demo_prompt,2026-07-28T15:08:00,92.857143,14,13,17,False,SYNTHETIC_DEMO_DATA_NOT_REAL_MEASUREMENTS,INVOICE,11 298 069 901,Regional Legal,"279 Best Tce, Fremantle WA 6160",Tiffany,"393 Fitzgerald Ave, Alexandria NSW 2015",05/09/2024,Contract review and drafting,5,245.92,1229.60,false,122.96,1352.56,NOT_FOUND,NOT_FOUND,NOT_FOUND
CASE015_tax_invoice_mixed.png,CASE015_tax_invoice_mixed.png,invoice,52.280442,14,14,82.352941,MODEL1_synthetic_demo_prompt,2026-07-28T15:09:00,78.571429,14,11,17,False,SYNTHETIC_DEMO_DATA_NOT_REAL_MEASUREMENTS,INVOICE,76 627 204 653,Blackwood Solicitors,"280 Brown Ln, Battery Point TAS 7004",Joshua Gilbert,"131 Henderson Rd, Toowoomba QLD 4350",18/01/2023,Professional consultation services|Brand identity design|Cloud infrastructure migration,UNKNOWN|5|7|3,298.88|2544.55|2818.74|317.03,896.64|12722.75|19731.18|951.09,false,34301.70,37731.83,NOT_FOUND,NOT_FOUND,NOT_FOUND
CASE016_tax_invoice_high_value.png,CASE016_tax_invoice_high_value.png,invoice,38.018153,14,14,82.352941,MODEL1_synthetic_demo_prompt,2026-07-28T15:10:00,100.0,14,14,17,False,SYNTHETIC_DEMO_DATA_NOT_REAL_MEASUREMENTS,INVOICE,77 755 646 417,Ashcroft Technology Group,"86 Harris Ct, Norwood SA 5067",Ricky Ramirez,"198 Gomez St, Parramatta NSW 2150",20/12/2024,Annual report preparation|Payroll processing services|Corporate training workshop,2|4|1,1218.79|74.02|1543.41,2437.58|296.08|1543.41,false,427.71,4704.78,NOT_FOUND,NOT_FOUND,NOT_FOUND
CASE017_tax_invoice_gst_inclusive.png,CASE017_tax_invoice_gst_inclusive.png,invoice,47.318308,14,13,82.352941,MODEL1_synthetic_demo_prompt,2026-07-28T15:11:00,92.857143,14,13,17,False,SYNTHETIC_DEMO_DATA_NOT_REAL_MEASUREMENTS,INVOICE,89 080 531 003,Metro Chartered Accountants,"20 Rivera Cl, South Yarra VIC 3141",Eric Phillips,"140 Bryan Ln, Richmond VIC 3121",04/08/2024,Corporate training workshop|Cloud infrastructure migration,1|8,1222.95|3903.18,1222.95|31225.44,NOT_FOUND,3244.84,35693.23,NOT_FOUND,NOT_FOUND,NOT_FOUND
CASE018_tax_invoice_standard.png,CASE018_tax_invoice_standard.png,invoice,33.388663,14,13,82.352941,MODEL1_synthetic_demo_prompt,2026-07-28T15:12:00,85.714286,14,12,17,False,SYNTHETIC_DEMO_DATA_NOT_REAL_MEASUREMENTS,INVOICE,13 309 232 719,Harrowgate & Associates Accounting,NOT_FOUND,Katherine Lamb,"97 Dixon Ln, Fremantle WA",08/08/2023,IT support and maintenance,1,175.07,175.07,false,17.51,192.58,NOT_FOUND,NOT_FOUND,NOT_FOUND
CASE019_tax_invoice_high_value.png,CASE019_tax_invoice_high_value.png,invoice,45.490208,14,13,82.352941,MODEL1_synthetic_demo_prompt,2026-07-28T15:13:00,92.857143,14,13,17,False,SYNTHETIC_DEMO_DATA_NOT_REAL_MEASUREMENTS,INVOICE,98 374 529 912,Southcott Legal,"271 Duffy Ln, Hawthorn East VIC 3123",Erica Mcdaniel,"351 West Rd, Hobart TAS 7000",24/09/2024,Professional consultation services,5,213.24,NOT_FOUND,false,106.62,1172.82,NOT_FOUND,NOT_FOUND,NOT_FOUND
CASE020_tax_invoice_mixed.png,CASE020_tax_invoice_mixed.png,invoice,33.084757,14,14,82.352941,MODEL1_synthetic_demo_prompt,2026-07-28T15:14:00,78.571429,14,11,17,False,SYNTHETIC_DEMO_DATA_NOT_REAL_MEASUREMENTS,INVOICE,54 419 049 663,National Business Consulting,"84 Allen Way, Fortitude Valley QLD 4006",Emily,"179 Estrada Dr, Unley SA 5061",26/12/2024,Marketing campaign management,4,1759.60,703.84,false,70.38,774.22,NOT_FOUND,NOT_FOUND,NOT_FOUND
CASE021_tax_invoice_high_value.png,CASE021_tax_invoice_high_value.png,invoice,51.945381,14,14,82.352941,MODEL1_synthetic_demo_prompt,2026-07-28T15:15:00,100.0,14,14,17,False,SYNTHETIC_DEMO_DATA_NOT_REAL_MEASUREMENTS,INVOICE,48 193 149 190,Metro Legal,"190 Harris Rd, Parramatta NSW 2150",Devin Palmer,"45 Young Blvd, Fremantle WA 6160",05/06/2024,Accounting and bookkeeping|Annual report preparation|Due diligence review|Professional consultation services,4|7|6|4,147.44|1177.40|410.53|334.59,589.76|8241.80|2463.18|1338.36,false,1263.31,13896.41,NOT_FOUND,NOT_FOUND,NOT_FOUND
CASE022_tax_invoice_mixed.png,CASE022_tax_invoice_mixed.png,invoice,35.370429,14,14,82.352941,MODEL1_synthetic_demo_prompt,2026-07-28T15:16:00,92.857143,14,13,17,False,SYNTHETIC_DEMO_DATA_NOT_REAL_MEASUREMENTS,INVOICE,98 586 518 506,Prime Business Consulting,"394 Watts Blvd, St Kilda VIC 3182",Michael Smith,"44 Carter Ln, St Kilda VIC 3182",09/02/2024,Business strategy consulting|Annual report preparation|Legal document preparation,3|2|2,287.02|887.70|251.22,861.06|1775.40|502.44,fals,313.89,3452.79,NOT_FOUND,NOT_FOUND,NOT_FOUND
CASE023_tax_invoice_standard.png,CASE023_tax_invoice_standard.png,invoice,45.970305,14,14,82.352941,MODEL1_synthetic_demo_prompt,2026-07-28T15:17:00,92.857143,14,13,17,False,SYNTHETIC_DEMO_DATA_NOT_REAL_MEASUREMENTS,INVOICE,52 716 572 628,Regional Marketing Co,"396 Chung Tce, St Kilda VIC",Andrew Richardson,"17 Hall Dr, Fremantle WA 6160",25/09/2024,Legal document preparation|Professional consultation services|Payroll processing services|Tax return preparation,5|1|4|2,336.86|252.23|105.07|789.52,1684.30|252.23|420.28|1579.04,false,393.59,4329.44,NOT_FOUND,NOT_FOUND,NOT_FOUND
CASE024_tax_invoice_gst_inclusive.png,CASE024_tax_invoice_gst_inclusive.png,invoice,54.316976,14,13,82.352941,MODEL1_synthetic_demo_prompt,2026-07-28T15:18:00,92.857143,14,13,17,False,SYNTHETIC_DEMO_DATA_NOT_REAL_MEASUREMENTS,INVOICE,93 498 776 945,Underhill Marketing Group,"342 Sherman Ct, Glenelg SA 5045",Katherine Murray,"240 Robinson Ct, Prospect SA 5082",NOT_FOUND,IT support and maintenance|Trademark registration,4|5,126.22|856.90,504.88|4284.50,false,478.94,5268.32,NOT_FOUND,NOT_FOUND,NOT_FOUND
CASE025_tax_invoice_gst_inclusive.png,CASE025_tax_invoice_gst_inclusive.png,invoice,42.703836,14,14,82.352941,MODEL1_synthetic_demo_prompt,2026-07-28T15:19:00,100.0,14,14,17,False,SYNTHETIC_DEMO_DATA_NOT_REAL_MEASUREMENTS,INVOICE,91 314 737 996,Greater Chartered Accountants,"149 Navarro Pl, Unley SA 5061",Victoria Smith,"177 Whitaker Rd, Fortitude Valley QLD 4006",15/02/2023,IT support and maintenance|Contract review and drafting,3|6,202.61|454.69,607.83|2728.14,false,333.60,3669.57,NOT_FOUND,NOT_FOUND,NOT_FOUND
CASE026_tax_invoice_high_value.png,CASE026_tax_invoice_high_value.png,invoice,42.485541,14,14,82.352941,MODEL1_synthetic_demo_prompt,2026-07-28T15:20:00,100.0,14,14,17,False,SYNTHETIC_DEMO_DATA_NOT_REAL_MEASUREMENTS,INVOICE,27 507 527 354,Ashcroft & Partners Lawyers,"337 Brooks Dr, Glenelg SA 5045",Christopher Gonzalez,"232 Kelley Ln, Alexandria NSW 2015",08/12/2023,Payroll processing services,2,79.71,159.42,false,15.94,175.36,NOT_FOUND,NOT_FOUND,NOT_FOUND
CASE027_tax_invoice_standard.png,CASE027_tax_invoice_standard.png,invoice,47.546328,14,13,82.352941,MODEL1_synthetic_demo_prompt,2026-07-28T15:21:00,85.714286,14,12,17,False,SYNTHETIC_DEMO_DATA_NOT_REAL_MEASUREMENTS,INVOICE,43 549 480 831,Ellery Business Consulting,"18 Kerr Ct, Paddington QLD 4064",Suzanne Dixon,"187 Edwards Dr, Fremantle WA 6160",19/05/2024,Due diligence review|Legal document preparation|Annual report preparation|Professional consultation services,6|2|7|5,405.07|482.84|1032.03|227.70,2430.42|965.68|7224.21|1138.50,NOT_FOUND,1175.88,1293.47,NOT_FOUND,NOT_FOUND,NOT_FOUND
CASE028_tax_invoice_mixed.png,CASE028_tax_invoice_mixed.png,invoice,48.392542,14,14,82.352941,MODEL1_synthetic_demo_prompt,2026-07-28T15:22:00,92.857143,14,13,17,False,SYNTHETIC_DEMO_DATA_NOT_REAL_MEASUREMENTS,INVOICE,36 367 837 770,Riverside & Associates,"177 Mercado Ct, Norwood SA 5067",Jon Santiago,"349 Jones Ave, Chatswood NSW 2067",01/01/2023,Trademark registration,2,963.51,1927.02,false,192.70,2119.72,NOT_FOUND,NOT_FOUND,NOT_FOUND
CASE029_tax_invoice_mixed.png,CASE029_tax_invoice_mixed.png,invoice,39.44303,14,14,82.352941,MODEL1_synthetic_demo_prompt,2026-07-28T15:23:00,92.857143,14,13,17,False,SYNTHETIC_DEMO_DATA_NOT_REAL_MEASUREMENTS,INVOICE,97 143 634 957,Ashcroft Brand & Media,"257 Hood Cres, Parramatta NSW 2150",Kimberly Garcia,"293 Lewis St, Fremantle WA 6160",08/05/2024,Annual report preparation|Brand identity design|Due diligence,5|5|7,855.05|2540.14|454.57,4275.25|12700.70|3181.99,false,2015.79,22173.73,NOT_FOUND,NOT_FOUND,NOT_FOUND
CASE030_tax_invoice_standard.png,CASE030_tax_invoice_standard.png,invoice,33.300664,14,14,82.352941,MODEL1_synthetic_demo_prompt,2026-07-28T15:24:00,92.857143,14,13,17,False,SYNTHETIC_DEMO_DATA_NOT_REAL_MEASUREMENTS,INVOICE,57 885 685 574,Northern & Associates Accounting,"73 Ballard Cl, Subiaco WA 6008",Ryan Mcguire,"216 Cunningham Ct, Subiaco WA 6008",28/02/2024,Payroll processing services,6,110.06,660.36,false,660.40,726.40,NOT_FOUND,NOT_FOUND,NOT_FOUND
CASE031_tax_invoice_gst_inclusive.png,CASE031_tax_invoice_gst_inclusive.png,invoice,50.513208,14,14,82.352941,MODEL1_synthetic_demo_prompt,2026-07-28T15:25:00,85.714286,14,12,17,False,SYNTHETIC_DEMO_DATA_NOT_REAL_MEASUREMENTS,INVOICE,17 443 135 182,Harbourside Advisory,"318 Watson Dr, Richmond VIC 3121",Ryan Watts,"101 Rodriguez Cres, Fremantle WA 6160",09/05/2023,Professional consultation services,5,167.44,8372.00,fals,83.72,920.92,NOT_FOUND,NOT_FOUND,NOT_FOUND
CASE032_tax_invoice_high_value.png,CASE032_tax_invoice_high_value.png,invoice,37.075107,14,14,82.352941,MODEL1_synthetic_demo_prompt,2026-07-28T15:26:00,92.857143,14,13,17,False,SYNTHETIC_DEMO_DATA_NOT_REAL_MEASUREMENTS,INVOICE,10 337 498 941,Southern Creative Agency,"244 Bishop Ln, Alexandria NSW 2015",Jonathan Yates,"63 Davis Ave, Hawthorn East VIC 3123",18/01/2024,Risk assessment review,3,1250.50,3751.50,false,412.67,4126.65,NOT_FOUND,NOT_FOUND,NOT_FOUND
CASE033_tax_invoice_high_value.png,CASE033_tax_invoice_high_value.png,invoice,40.662859,14,14,82.352941,MODEL1_synthetic_demo_prompt,2026-07-28T15:27:00,85.714286,14,12,17,False,SYNTHETIC_DEMO_DATA_NOT_REAL_MEASUREMENTS,INVOICE,23 343 524 082,Harrowgate & Associates Accounting,"123 Wyatt Tce, Fortitude Valley QLD 4006",Katherine Gonzalez,"215 Anderson Dr, Subiaco WA 6008",08/02/2024,Software development services|Website design and development|Marketing campaign management|Professional consultation,5|6|7|6,271.44|825.36|143.52|194.88,1357.20|NOT_FOUND|1004.64|1169.28,false,848.33,9331.61,NOT_FOUND,NOT_FOUND,NOT_FOUND
CASE034_tax_invoice_standard.png,CASE034_tax_invoice_standard.png,invoice,33.497556,14,14,82.352941,MODEL1_synthetic_demo_prompt,2026-07-28T15:28:00,78.571429,14,11,17,False,SYNTHETIC_DEMO_DATA_NOT_REAL_MEASUREMENTS,INVOICE,90 400 842 710,Harbourside IT,"19 Fisher Dr, Leederville WA 6007",Misty Wilkerson,"359 Williams Ave, Prospect SA",07/09/2024,Trademark registration,4,504.79,201.92,false,201.92,2221.08,NOT_FOUND,NOT_FOUND,NOT_FOUND
CASE035_tax_invoice_gst_inclusive.png,CASE035_tax_invoice_gst_inclusive.png,invoice,35.559131,14,14,82.352941,MODEL1_synthetic_demo_prompt,2026-07-28T15:29:00,92.857143,14,13,17,False,SYNTHETIC_DEMO_DATA_NOT_REAL_MEASUREMENTS,INVOICE,48 947 775 204,Eastwick Solicitors,"101 Lozano Cres, St Kilda VIC 3182",Allison Davis,"374 Green Way, Hobart TAS 7000",14/06/2023,Trademark registration|Business strategy consulting,3|3,NOT_FOUND|387.98,3234.72|1163.94,false,439.87,4838.53,NOT_FOUND,NOT_FOUND,NOT_FOUND
CASE036_tax_invoice_mixed.png,CASE036_tax_invoice_mixed.png,invoice,47.822437,14,14,82.352941,MODEL1_synthetic_demo_prompt,2026-07-28T15:30:00,85.714286,14,12,17,False,SYNTHETIC_DEMO_DATA_NOT_REAL_MEASUREMENTS,INVOICE,16 711 671 902,Regional Marketing Co,"359 Jackson Cres, Cronulla NSW 2230",Christine Barton,"281 Clark Ave, Prospect SA 5082",02/03/2023,Corporate training workshop|Cloud infrastructure migration|Risk assessment review|Payroll processing services,NOT_FOUND|5|2|1,3017.25|3893.22|1959.83|121.13,15086.25|19466.10|3919.66|121.13,fals,3859.31,42452.45,NOT_FOUND,NOT_FOUND,NOT_FOUND
CASE037_tax_invoice_high_value.png,CASE037_tax_invoice_high_value.png,invoice,33.355206,14,14,82.352941,MODEL1_synthetic_demo_prompt,2026-07-28T15:31:00,85.714286,14,12,17,False,SYNTHETIC_DEMO_DATA_NOT_REAL_MEASUREMENTS,INVOICE,17 294 131 869,Eastern Tax & Advisory,"253 King Rd, Subiaco WA 6008",Jeremy Zimmerman,"268 Barber St, Glenelg SA 5045",26/01/2023,Annual report preparation|Cloud infrastructure migration|Marketing campaign management|Business strategy consulting,3|7|6|5,678.19|NOT_FOUND|116.36|451.19,2034.57|37617.37|698.16|2481.55,false,4260.61,46866.66,NOT_FOUND,NOT_FOUND,NOT_FOUND
CASE038_tax_invoice_gst_inclusive.png,CASE038_tax_invoice_gst_inclusive.png,invoice,40.943722,14,12,82.352941,MODEL1_synthetic_demo_prompt,2026-07-28T15:32:00,78.571429,14,11,17,False,SYNTHETIC_DEMO_DATA_NOT_REAL_MEASUREMENTS,INVOICE,56 993 867 749,Northern Accounting Group,"286 Roberts Gr, Fortitude Valley QLD 4006",Crystal Sanford,"56 Avery Way, Subiaco WA 6008",NOT_FOUND,Financial planning services|Professional consultation services|Employee mediation services|Corporate training workshop,4|6|5|3,2474.80|285.43|265.08|2865.24,989.92|1712.58|1325.40|8595.72,false,NOT_FOUND,13885.98,NOT_FOUND,NOT_FOUND,NOT_FOUND
CASE039_tax_invoice_mixed.png,CASE039_tax_invoice_mixed.png,invoice,34.219625,14,14,82.352941,MODEL1_synthetic_demo_prompt,2026-07-28T15:33:00,85.714286,14,12,17,False,SYNTHETIC_DEMO_DATA_NOT_REAL_MEASUREMENTS,INVOIC,33 649 909 133,Western Brand & Media,"233 Garcia Ct, New Farm QLD 4005",Richard Thompson,"37 Phillips Pde, Norwood SA 5067",15/02/2023,Accounting and,2,96.10,192.20,false,19.22,211.42,NOT_FOUND,NOT_FOUND,NOT_FOUND
CASE040_tax_invoice_standard.png,CASE040_tax_invoice_standard.png,invoice,52.212722,14,13,82.352941,MODEL1_synthetic_demo_prompt,2026-07-28T15:34:00,85.714286,14,12,17,False,SYNTHETIC_DEMO_DATA_NOT_REAL_MEASUREMENTS,INVOICE,NOT_FOUND,Northern Technology Group,"76 Williams Dr, Alexandria NSW 2015",Edward Johnson,"35 Andersen Ln, Brunswick VIC 3056",26/04/2024,Professional consultation services|Financial planning services|Contract review and drafting|Marketing campaign management,2|7|1|1,292.71|191.63|272.69|199.95,585.42|1341.41|272.69|199.95,false,263.94,2639.42,NOT_FOUND,NOT_FOUND,NOT_FOUND
CASE041_tax_invoice_mixed.png,CASE041_tax_invoice_mixed.png,invoice,47.224021,14,14,82.352941,MODEL1_synthetic_demo_prompt,2026-07-28T15:35:00,92.857143,14,13,17,False,SYNTHETIC_DEMO_DATA_NOT_REAL_MEASUREMENTS,INVOICE,43 679 740 344,Carrington Marketing Group,"123 Smith St, Parramatta NSW 2150",Jacob Williamson,"377 Cohen Ave, Cronulla NSW 2230",30/11/2024,Business strategy consulting|Brand identity design|Risk assessment review|Cybersecurity assessment,7|2|7|3,265.96|2580.79|2546.03|3781.68,1861.72|5161.58|16201.99|11345.04,false,3457.03,38027.36,NOT_FOUND,NOT_FOUND,NOT_FOUND
CASE042_tax_invoice_gst_inclusive.png,CASE042_tax_invoice_gst_inclusive.png,invoice,48.826415,14,14,82.352941,MODEL1_synthetic_demo_prompt,2026-07-28T15:36:00,92.857143,14,13,17,False,SYNTHETIC_DEMO_DATA_NOT_REAL_MEASUREMENTS,INVOICE,64 713 493 618,Northern Marketing Group,"305 Baker Pde, Leederville WA 6007",Monique Garza,"391 Pennington St, Leederville WA 6007",07/11/2024,Software development services,4,273.31,1093.24,false,10.93,1202.56,NOT_FOUND,NOT_FOUND,NOT_FOUND
CASE043_tax_invoice_high_value.png,CASE043_tax_invoice_high_value.png,invoice,53.553518,14,13,82.352941,MODEL1_synthetic_demo_prompt,2026-07-28T15:37:00,92.857143,14,13,17,False,SYNTHETIC_DEMO_DATA_NOT_REAL_MEASUREMENTS,INVOICE,21 324 210 249,Regional Solicitors,"361 Kemp Tce, Hobart TAS 7000",Joel Estrada,"382 Romero Rd, Fremantle WA 6160",01/05/2023,Financial planning services,8,204.63,1637.04,NOT_FOUND,163.70,1800.74,NOT_FOUND,NOT_FOUND,NOT_FOUND
CASE044_tax_invoice_standard.png,CASE044_tax_invoice_standard.png,invoice,40.870132,14,13,82.352941,MODEL1_synthetic_demo_prompt,2026-07-28T15:38:00,78.571429,14,11,17,False,SYNTHETIC_DEMO_DATA_NOT_REAL_MEASUREMENTS,INVOICE,89 947 174 648,Yarrow Accounting Group,"255 Howard Cl, Prospect SA",NOT_FOUND,"213 Hernandez Gr, Prospect SA 5082",14/06/2024,Tax return preparation|Contract review and drafting|Business strategy consulting|Cloud infrastructure migration,4|4|7|2,568.32|230.48|5598.68,2273.28|921.92|3121.16|11197.36,false,1751.37,19265.09,NOT_FOUND,NOT_FOUND,NOT_FOUND
CASE045_tax_invoice_high_value.png,CASE045_tax_invoice_high_value.png,invoice,44.797539,14,14,82.352941,MODEL1_synthetic_demo_prompt,2026-07-28T15:39:00,85.714286,14,12,17,False,SYNTHETIC_DEMO_DATA_NOT_REAL_MEASUREMENTS,INVOICE,71 877 190 659,Eastern Brand & Media,"160 Mcmillan St, Hobart TAS 7000",Tonya Wall,"350 Moss Cl, Subiaco WA 6008",05/03/2023,Annual report preparation|Accounting and bookkeeping,NOT_FOUND|UNKNOWN,1473.25|119.07,441.98|238.14,false,465.79,5123.68,NOT_FOUND,NOT_FOUND,NOT_FOUND
CASE046_tax_invoice_standard.png,CASE046_tax_invoice_standard.png,invoice,52.691134,14,14,82.352941,MODEL1_synthetic_demo_prompt,2026-07-28T15:40:00,92.857143,14,13,17,False,SYNTHETIC_DEMO_DATA_NOT_REAL_MEASUREMENTS,INVOICE,43 401 399 049,Riverside Consulting Partners,"188 Oliver Ct, Manuka ACT 2603",Daniel Perry,"213 Hill Gr, Manuka ACT 2603",19/03/2024,Software development services|Corporate training workshop|Due diligence review,2|6,159.35|2803.06|331.30,318.70|16818.36|993.90,false,1813.10,19944.06,NOT_FOUND,NOT_FOUND,NOT_FOUND
CASE047_tax_invoice_mixed.png,CASE047_tax_invoice_mixed.png,invoice,38.154242,14,14,82.352941,MODEL1_synthetic_demo_prompt,2026-07-28T15:41:00,100.0,14,14,17,False,SYNTHETIC_DEMO_DATA_NOT_REAL_MEASUREMENTS,INVOICE,76 027 874 296,Riverside Accounting Group,"315 Thomas Ave, Alexandria NSW 2015",Edward Foster,"329 Friedman St, Leederville WA 6007",02/09/2023,Accounting and bookkeeping|Audit services|IT support and maintenance,2|4|5,142.00|352.91|160.44,284.00|1411.64|802.20,false,249.78,2747.62,NOT_FOUND,NOT_FOUND,NOT_FOUND
CASE048_tax_invoice_gst_inclusive.png,CASE048_tax_invoice_gst_inclusive.png,invoice,41.227732,14,13,82.352941,MODEL1_synthetic_demo_prompt,2026-07-28T15:42:00,92.857143,14,13,17,False,SYNTHETIC_DEMO_DATA_NOT_REAL_MEASUREMENTS,INVOICE,74 717 565 512,Ashcroft Marketing Group,"156 Smith Pde, South Yarra VIC 3141",Robert Henry,"397 Gomez Tce, Brunswick VIC 3056",02/08/2024,Cloud infrastructure migration|Annual report preparation|Audit services,7|4|6,4851.66|807.98|273.51,33961.62|3231.92|1641.06,NOT_FOUND,3883.46,42718.06,NOT_FOUND,NOT_FOUND,NOT_FOUND
CASE049_tax_invoice_high_value.png,CASE049_tax_invoice_high_value.png,invoice,46.276168,14,14,82.352941,MODEL1_synthetic_demo_prompt,2026-07-28T15:43:00,78.571429,14,11,17,False,SYNTHETIC_DEMO_DATA_NOT_REAL_MEASUREMENTS,INVOICE,17 567 468,Northern & Associates Accounting,"4 Hanson Ct, Toowoomba QLD 4350",Joseph Chase,"166 Patterson Cres, Battery Point TAS 7004",03/06/2024,Cloud infrastructure migration|Trademark registration,UNKNOWN|2,4977.84|595.77,29867.04|1191.54,fals,3105.86,34164.44,NOT_FOUND,NOT_FOUND,NOT_FOUND
CASE050_tax_invoice_gst_inclusive.png,CASE050_tax_invoice_gst_inclusive.png,invoice,50.465713,14,13,82.352941,MODEL1_synthetic_demo_prompt,2026-07-28T15:44:00,57.142857,14,8,17,False,SYNTHETIC_DEMO_DATA_NOT_REAL_MEASUREMENTS,INVOICE,26 545 168,Denholm Consulting Partners,"159 Bowman Ln, Richmond VIC 3121",Angela Gardner,NOT_FOUND,04/09/2023,Cybersecurity assessment|Legal document preparation|Due diligence review,8|7|5|7,NOT_FOUND|205.66|313.75|565.43,15858.64|1439.62|1568.75|3958.01,false,2510.75,2510.75,NOT_FOUND,NOT_FOUND,NOT_FOUND
CASE051_tax_invoice_mixed.png,CASE051_tax_invoice_mixed.png,invoice,46.658883,14,14,82.352941,MODEL1_synthetic_demo_prompt,2026-07-28T15:45:00,92.857143,14,13,17,False,SYNTHETIC_DEMO_DATA_NOT_REAL_MEASUREMENTS,INVOICE,37 603 859 770,Eastern IT Consulting,"136 Mills Cres, Fortitude Valley QLD 4006",Daniel Lester,"340 Coleman St, Chatswood NSW 2067",20/06/2024,Business strategy consulting|Website design and development|Annual report preparation|Tax return preparation,8|4|1|8,436.05|1858.54|794.86|49.31,3488.40|7434.16|794.86|3944.96,false,1566.24,17228.62,NOT_FOUND,NOT_FOUND,NOT_FOUND
CASE052_tax_invoice_standard.png,CASE052_tax_invoice_standard.png,invoice,34.603559,14,14,82.352941,MODEL1_synthetic_demo_prompt,2026-07-28T15:46:00,85.714286,14,12,17,False,SYNTHETIC_DEMO_DATA_NOT_REAL_MEASUREMENTS,INVOICE,95 348 247 710,Harbourside Marketing Group,"48 White Pde, Fortitude Valley QLD 4006",Karen Hunter,"175 Hall St, Hobart TAS 7000",10/02/2023,Trademark registration|Tax return preparation,7|7,979.68|791.57,6857.76|5540.99,fals,1239.88,13638.63,NOT_FOUND,NOT_FOUND,NOT_FOUND
CASE053_tax_invoice_standard.png,CASE053_tax_invoice_standard.png,invoice,33.568131,14,14,82.352941,MODEL1_synthetic_demo_prompt,2026-07-28T15:47:00,100.0,14,14,17,False,SYNTHETIC_DEMO_DATA_NOT_REAL_MEASUREMENTS,INVOICE,34 932 480 861,Ibbotson Accounting Group,"269 Carter Tce, Leederville WA 6007",Blake Dennis,"294 Green Ave, Cronulla NSW 2230",08/03/2024,Trademark registration|IT support and maintenance,7|3,833.12|136.56,5831.84|409.68,false,624.15,6865.67,NOT_FOUND,NOT_FOUND,NOT_FOUND
CASE054_tax_invoice_mixed.png,CASE054_tax_invoice_mixed.png,invoice,52.411737,14,14,82.352941,MODEL1_synthetic_demo_prompt,2026-07-28T15:48:00,78.571429,14,11,17,False,SYNTHETIC_DEMO_DATA_NOT_REAL_MEASUREMENTS,INVOICE,87 317 127,Riverside Legal Group,"235 Owens Gr, Cronulla NSW 2230",Dawn Cummings,"309 Heath Rd, Hawthorn East VIC",15/03/2024,Website design and development|Financial planning services|Tax return preparation,1|1|3,1563.08|331.21|563.42,1563.08|NOT_FOUND|1690.26,false,358.46,3943.01,NOT_FOUND,NOT_FOUND,NOT_FOUND
CASE055_tax_invoice_high_value.png,CASE055_tax_invoice_high_value.png,invoice,39.014374,14,14,82.352941,MODEL1_synthetic_demo_prompt,2026-07-28T15:49:00,92.857143,14,13,17,False,SYNTHETIC_DEMO_DATA_NOT_REAL_MEASUREMENTS,INVOICE,45 677 378 263,Eastern Tax & Advisory,"203 Barrett Dr, Manuka ACT 2603",Sean Lewis,"189 Cervantes Blvd, Newtown NSW 2042",01/10/2024,Tax return preparation|Accounting and|Corporate training workshop,2|1|5,614.01|104.12|1538.47,1228.02|104.12|7692.35,false,902.45,9926.94,NOT_FOUND,NOT_FOUND,NOT_FOUND
CASE001_receipt_fuel.png,CASE001_receipt_fuel.png,receipt,32.324639,12,12,70.588235,MODEL1_synthetic_demo_prompt,2026-07-28T15:50:00,91.666667,12,11,17,False,SYNTHETIC_DEMO_DATA_NOT_REAL_MEASUREMENTS,RECEIPT,79 104 332 181,Ravensdale Health Store,"400 Stewart Rd, South Yarra VIC 3141",NOT_FOUND,NOT_FOUND,07/07/2024,Dishwashing Liquid|Bandaids 40pk,1|1,4.73|8.87,4.73|8.87,true,1.24,14.96,NOT_FOUND,NOT_FOUND,NOT_FOUND
CASE002_receipt_hospitality.png,CASE002_receipt_hospitality.png,receipt,41.530691,12,10,70.588235,MODEL1_synthetic_demo_prompt,2026-07-28T15:51:00,83.333333,12,10,17,False,SYNTHETIC_DEMO_DATA_NOT_REAL_MEASUREMENTS,RECEIPT,85 960 013 389,NOT_FOUND,"13 Mendoza Cl, Glenelg SA 5045",NOT_FOUND,NOT_FOUND,16/08/2023,NOT_FOUND,1,3.76,3.76,true,0.34,3.76,NOT_FOUND,NOT_FOUND,NOT_FOUND
CASE003_receipt_retail_tax.png,CASE003_receipt_retail_tax.png,receipt,39.954483,12,11,70.588235,MODEL1_synthetic_demo_prompt,2026-07-28T15:52:00,83.333333,12,10,17,False,SYNTHETIC_DEMO_DATA_NOT_REAL_MEASUREMENTS,RECEIPT,61 083 863 794,Wakeling Bottle,"48 Mercado Tce, New Farm QLD 4005",NOT_FOUND,NOT_FOUND,15/03/2024,Yoghurt Tub 1kg|Potting Mix 25L|Chips BBQ 175g|Olive Oil 500ml|USB Hub 4-port,2|2|1|2|2,9.45|16.29|3.77|8.40|22.33,18.90|32.58|3.77|16.80|44.66,true,10.61,NOT_FOUND,NOT_FOUND,NOT_FOUND,NOT_FOUND
CASE004_receipt_professional.png,CASE004_receipt_professional.png,receipt,42.471101,12,11,70.588235,MODEL1_synthetic_demo_prompt,2026-07-28T15:53:00,75.0,12,9,17,False,SYNTHETIC_DEMO_DATA_NOT_REAL_MEASUREMENTS,RECEIPT,NOT_FOUND,Tremayne AV & Appliances,"276 Elliott Pl, Paddington QLD 4064",NOT_FOUND,NOT_FOUND,18/02/2024,Yoghurt Tub 1kg|Chips BBQ|Dishwashing Liquid|Car Vacuum Cleaner,UNKNOWN|1|2|1,8.25|4.71|4.28|31.98,24.75|4.71|8.56|31.98,true,6.36,70.00,NOT_FOUND,NOT_FOUND,NOT_FOUND
CASE005_receipt_thermal_80mm.png,CASE005_receipt_thermal_80mm.png,receipt,39.766326,12,12,70.588235,MODEL1_synthetic_demo_prompt,2026-07-28T15:54:00,91.666667,12,11,17,False,SYNTHETIC_DEMO_DATA_NOT_REAL_MEASUREMENTS,RECEIPT,94 161 559 407,Marchbank Fuel,"180 Swanson Way, Hobart TAS 7000",NOT_FOUND,NOT_FOUND,29/11/2024,Cereal Box 500g|Potting Mix 25L,1,8.94|15.37,8.94|30.74,true,3.61,39.68,NOT_FOUND,NOT_FOUND,NOT_FOUND
CASE006_receipt_thermal_57mm.png,CASE006_receipt_thermal_57mm.png,receipt,29.461957,12,12,70.588235,MODEL1_synthetic_demo_prompt,2026-07-28T15:55:00,100.0,12,12,17,False,SYNTHETIC_DEMO_DATA_NOT_REAL_MEASUREMENTS,RECEIPT,22 816 184 959,Southern Motor Spares,"318 Salazar Ct, Manuka ACT 2603",NOT_FOUND,NOT_FOUND,17/09/2023,Paint Brush Set|Garden Hose 20m|Printer Paper A4 500pk,2|1|2,28.31|102.30|14.12,56.62|102.30|28.24,true,17.01,187.16,NOT_FOUND,NOT_FOUND,NOT_FOUND
CASE007_receipt_fuel.png,CASE007_receipt_fuel.png,receipt,43.116662,12,12,70.588235,MODEL1_synthetic_demo_prompt,2026-07-28T15:56:00,83.333333,12,10,17,False,SYNTHETIC_DEMO_DATA_NOT_REAL_MEASUREMENTS,RECEIPT,92 310 341 316,Northern Retail Co,"8 Haas Ct, Toowoomba QLD 4350",NOT_FOUND,NOT_FOUND,05/08/2024,Sunscreen SPF50 200ml|Batteries AA 8pk|NOT_FOUND|Printer Paper A4 500pk|Pasta 500g|Car Air Freshener,3|3|3|3|3|3,15.04|15.23|11.55|14.69|3.11|10.83,45.12|45.69|34.65|44.07|9.33|32.49,tru,19.21,211.35,NOT_FOUND,NOT_FOUND,NOT_FOUND
CASE008_receipt_thermal_80mm.png,CASE008_receipt_thermal_80mm.png,receipt,42.730539,12,12,70.588235,MODEL1_synthetic_demo_prompt,2026-07-28T15:57:00,100.0,12,12,17,False,SYNTHETIC_DEMO_DATA_NOT_REAL_MEASUREMENTS,RECEIPT,14 475 255 341,Ashcroft Fresh Market,"114 Russell St, Cronulla NSW 2230",NOT_FOUND,NOT_FOUND,14/10/2024,Chicken Breast 500g|Screwdriver Set|Motor Oil 5L|Potting Mix 25L,3|2|2|2,9.43|30.76|39.86|17.60,28.29|61.52|79.72|35.20,true,18.61,204.73,NOT_FOUND,NOT_FOUND,NOT_FOUND
CASE009_receipt_retail_tax.png,CASE009_receipt_retail_tax.png,receipt,36.526303,12,12,70.588235,MODEL1_synthetic_demo_prompt,2026-07-28T15:58:00,100.0,12,12,17,False,SYNTHETIC_DEMO_DATA_NOT_REAL_MEASUREMENTS,RECEIPT,90 928 327 648,Bramwell Office Supplies,"138 Thomas Ln, Unley SA 5061",NOT_FOUND,NOT_FOUND,15/05/2023,Shampoo 400ml,3,9.28,27.84,true,2.53,27.84,NOT_FOUND,NOT_FOUND,NOT_FOUND
CASE010_receipt_thermal_57mm.png,CASE010_receipt_thermal_57mm.png,receipt,37.195055,12,12,70.588235,MODEL1_synthetic_demo_prompt,2026-07-28T15:59:00,83.333333,12,10,17,False,SYNTHETIC_DEMO_DATA_NOT_REAL_MEASUREMENTS,RECEIPT,63 350 305,Riverside Trade Supplies,"306 Wheeler Rd, Norwood SA 5067",NOT_FOUND,NOT_FOUND,24/07/2023,Car Air Freshener|Coffee Beans 1kg|Wine Red 750ml|Kitchen Sponge 6pk,3|1|2|2,10.95|21.62|26.44|6.86,32.85|21.62|52.88|13.72,true,1.10,121.07,NOT_FOUND,NOT_FOUND,NOT_FOUND
CASE011_receipt_hospitality.png,CASE011_receipt_hospitality.png,receipt,29.991289,12,12,70.588235,MODEL1_synthetic_demo_prompt,2026-07-28T15:00:00,91.666667,12,11,17,False,SYNTHETIC_DEMO_DATA_NOT_REAL_MEASUREMENTS,RECEIPT,58 395 376 724,National Corner Market,"90 Nash Pl, Cronulla NSW 2230",NOT_FOUND,NOT_FOUND,25/09/2023,Chips BBQ 175g|Tomato Sauce 500ml,1|3,5.80|3.61,5.80|10.83,tru,1.51,16.63,NOT_FOUND,NOT_FOUND,NOT_FOUND
CASE012_receipt_professional.png,CASE012_receipt_professional.png,receipt,28.885783,12,12,70.588235,MODEL1_synthetic_demo_prompt,2026-07-28T15:01:00,100.0,12,12,17,False,SYNTHETIC_DEMO_DATA_NOT_REAL_MEASUREMENTS,RECEIPT,55 238 849 696,Ockendon General Store,"349 Gibson Pde, South Yarra VIC 3141",NOT_FOUND,NOT_FOUND,14/08/2023,HDMI Cable 2m|Paint Brush Set|Olive Oil 500ml,1|1|3,27.09|18.93|13.41,27.09|18.93|40.23,true,7.84,86.25,NOT_FOUND,NOT_FOUND,NOT_FOUND
CASE013_receipt_retail_tax.png,CASE013_receipt_retail_tax.png,receipt,37.505828,12,12,70.588235,MODEL1_synthetic_demo_prompt,2026-07-28T15:02:00,75.0,12,9,17,False,SYNTHETIC_DEMO_DATA_NOT_REAL_MEASUREMENTS,RECEIPT,16 532 871 012,Tremayne Business Supplies,"381 Cruz Rd, Leederville WA 6007",NOT_FOUND,NOT_FOUND,17/06/2023,Garden Hose 20m|Tomato Sauce 500ml|Frozen Pizza,2|1|2|NOT_FOUND,6.53|60.68|2.68|9.22,11.88|60.68|5.36|9.22,true,7.92,87.14,NOT_FOUND,NOT_FOUND,NOT_FOUND
CASE014_receipt_thermal_57mm.png,CASE014_receipt_thermal_57mm.png,receipt,32.306139,12,12,70.588235,MODEL1_synthetic_demo_prompt,2026-07-28T15:03:00,100.0,12,12,17,False,SYNTHETIC_DEMO_DATA_NOT_REAL_MEASUREMENTS,RECEIPT,64 269 166 978,Southcott Trade Supplies,"87 Hubbard Ct, Newtown NSW 2042",NOT_FOUND,NOT_FOUND,10/09/2024,Batteries AA 8pk|USB Hub 4-port|Laundry Powder 2kg,3|3|1,17.94|38.80|13.36,53.82|116.40|13.36,true,16.69,183.58,NOT_FOUND,NOT_FOUND,NOT_FOUND
CASE015_receipt_hospitality.png,CASE015_receipt_hospitality.png,receipt,40.42494,12,12,70.588235,MODEL1_synthetic_demo_prompt,2026-07-28T15:04:00,100.0,12,12,17,False,SYNTHETIC_DEMO_DATA_NOT_REAL_MEASUREMENTS,RECEIPT,86 480 184 514,National Discount Chemist,"207 Anthony St, South Yarra VIC 3141",NOT_FOUND,NOT_FOUND,25/01/2023,Olive Oil 500ml|Frozen Pizza|Yoghurt Tub 1kg,1|1|2,16.81|10.02|8.92,16.81|10.02|17.84,true,4.06,44.67,NOT_FOUND,NOT_FOUND,NOT_FOUND
CASE016_receipt_thermal_80mm.png,CASE016_receipt_thermal_80mm.png,receipt,41.508261,12,12,70.588235,MODEL1_synthetic_demo_prompt,2026-07-28T15:05:00,83.333333,12,10,17,False,SYNTHETIC_DEMO_DATA_NOT_REAL_MEASUREMENTS,RECEIPT,45 627 048 281,Central Timber &,"286 Miller Ln, Prospect SA 5082",NOT_FOUND,NOT_FOUND,30/12/2024,Pasta 500g|HDMI Cable 2m|Drill Bit Set|Phone Case|Car Vacuum Cleaner,1|1|3|2|1|1,3.85|32.94|56.99|69.48|17.05|40.83,3.85|32.94|170.97|138.96|17.05|40.83,true,36.78,404.60,NOT_FOUND,NOT_FOUND,NOT_FOUND
CASE017_receipt_fuel.png,CASE017_receipt_fuel.png,receipt,40.767239,12,12,70.588235,MODEL1_synthetic_demo_prompt,2026-07-28T15:06:00,83.333333,12,10,17,False,SYNTHETIC_DEMO_DATA_NOT_REAL_MEASUREMENTS,RECEIPT,86 489 325 288,Eastern Trade Supplies,"84 Vance Ave, Fremantle WA 6160",NOT_FOUND,NOT_FOUND,16/08/2024,Garden Hose 20m|Pasta 500g,2|3,4.00|2.53,79.94|7.59,tru,7.96,87.53,NOT_FOUND,NOT_FOUND,NOT_FOUND
CASE018_receipt_professional.png,CASE018_receipt_professional.png,receipt,39.036544,12,11,70.588235,MODEL1_synthetic_demo_prompt,2026-07-28T15:07:00,83.333333,12,10,17,False,SYNTHETIC_DEMO_DATA_NOT_REAL_MEASUREMENTS,RECEIPT,10 095 701 543,National Tyre & Auto,"67 Holt Pde, Toowoomba QLD 4350",NOT_FOUND,NOT_FOUND,08/08/2023,HDMI Cable 2m|Paint Brush Set|Pasta 500g|Sparkling Water 12pk|Beer Case 24,3|UNKNOWN|2|3|1,24.46|32.07|1.89|11.75|55.18,73.38|96.21|3.78|35.25|55.18,true,NOT_FOUND,263.80,NOT_FOUND,NOT_FOUND,NOT_FOUND
CASE019_receipt_professional.png,CASE019_receipt_professional.png,receipt,33.223235,12,12,70.588235,MODEL1_synthetic_demo_prompt,2026-07-28T15:08:00,66.666667,12,8,17,False,SYNTHETIC_DEMO_DATA_NOT_REAL_MEASUREMENTS,RECEIPT,77 039 117 182,Southcott Discount Chemist,"271 Manning Dr, Battery Point TAS 7004",NOT_FOUND,NOT_FOUND,04/09/2024,Panadol 24pk|Tomato Sauce 500ml|HDMI Cable 2m|Toilet Paper 12pk,1|1|NOT_FOUND|1,6.51|2.86|34.22|9.89,NOT_FOUND|2.86|68.44|9.89,tru,7.97,87.70,NOT_FOUND,NOT_FOUND,NOT_FOUND
CASE020_receipt_thermal_80mm.png,CASE020_receipt_thermal_80mm.png,receipt,36.277836,12,12,70.588235,MODEL1_synthetic_demo_prompt,2026-07-28T15:09:00,100.0,12,12,17,False,SYNTHETIC_DEMO_DATA_NOT_REAL_MEASUREMENTS,RECEIPT,76 278 248 963,Regional Tyre & Auto,"162 Martin Gr, Fortitude Valley QLD 4006",NOT_FOUND,NOT_FOUND,27/12/2024,Garden Hose 20m|Chicken Breast 500g|Car Vacuum Cleaner|Printer Paper A4 500pk,3|1|3|3,47.84|11.11|54.69|11.55,143.52|11.11|164.07|34.65,true,32.12,353.35,NOT_FOUND,NOT_FOUND,NOT_FOUND
CASE021_receipt_fuel.png,CASE021_receipt_fuel.png,receipt,30.789328,12,12,70.588235,MODEL1_synthetic_demo_prompt,2026-07-28T15:10:00,83.333333,12,10,17,False,SYNTHETIC_DEMO_DATA_NOT_REAL_MEASUREMENTS,RECEIPT,19 834 657,Fenwick Provisions,"249 Tran Dr, St Kilda VIC 3182",NOT_FOUND,NOT_FOUND,25/06/2024,Beer Case,2,49.49,98.98,true,9.00,98.98,NOT_FOUND,NOT_FOUND,NOT_FOUND
CASE022_receipt_retail_tax.png,CASE022_receipt_retail_tax.png,receipt,32.857537,12,12,70.588235,MODEL1_synthetic_demo_prompt,2026-07-28T15:11:00,100.0,12,12,17,False,SYNTHETIC_DEMO_DATA_NOT_REAL_MEASUREMENTS,RECEIPT,98 331 509 839,Lonsdale Liquor Merchants,"305 Rogers Dr, Brunswick VIC 3056",NOT_FOUND,NOT_FOUND,16/02/2024,USB Hub 4-port|Garden Hose 20m,2|1,24.06|60.90,48.12|60.90,true,9.91,109.02,NOT_FOUND,NOT_FOUND,NOT_FOUND
CASE023_receipt_hospitality.png,CASE023_receipt_hospitality.png,receipt,33.520244,12,12,70.588235,MODEL1_synthetic_demo_prompt,2026-07-28T15:12:00,91.666667,12,11,17,False,SYNTHETIC_DEMO_DATA_NOT_REAL_MEASUREMENTS,RECEIPT,22 301 031 051,Penhallow Petroleum,"361 Montgomery Pde, Richmond VIC 3121",NOT_FOUND,NOT_FOUND,15/09/2024,Tomato Sauce 500ml|Wiper Blades Pair|Motor Oil 5L,1|2|3,4.86|34.91|50.46,4.86|69.82|151.38,true,20.55,226.06,NOT_FOUND,NOT_FOUND,NOT_FOUND
CASE024_receipt_thermal_57mm.png,CASE024_receipt_thermal_57mm.png,receipt,39.788653,12,12,70.588235,MODEL1_synthetic_demo_prompt,2026-07-28T15:13:00,100.0,12,12,17,False,SYNTHETIC_DEMO_DATA_NOT_REAL_MEASUREMENTS,RECEIPT,12 834 738 299,Coastal Wine & Spirits,"339 Tucker Ct, South Yarra VIC 3141",NOT_FOUND,NOT_FOUND,23/11/2024,Screwdriver Set|Motor Oil 5L|Batteries AA 8pk|Wine Red 750ml,3|2|2|1,18.84|30.58|11.49|15.26,56.52|61.16|22.98|15.26,true,14.17,155.92,NOT_FOUND,NOT_FOUND,NOT_FOUND
CASE025_receipt_professional.png,CASE025_receipt_professional.png,receipt,38.631501,12,12,70.588235,MODEL1_synthetic_demo_prompt,2026-07-28T15:14:00,100.0,12,12,17,False,SYNTHETIC_DEMO_DATA_NOT_REAL_MEASUREMENTS,RECEIPT,58 737 631 165,Ellery Grocer,"240 Gonzalez Dr, Hawthorn East VIC 3123",NOT_FOUND,NOT_FOUND,13/02/2023,Bandaids 40pk|Coffee Beans 1kg|Printer Paper A4 500pk,2|3|1,6.22|29.40|14.46,12.44|88.20|14.46,true,10.46,115.10,NOT_FOUND,NOT_FOUND,NOT_FOUND
CASE026_receipt_fuel.png,CASE026_receipt_fuel.png,receipt,37.97751,12,12,70.588235,MODEL1_synthetic_demo_prompt,2026-07-28T15:15:00,91.666667,12,11,17,False,SYNTHETIC_DEMO_DATA_NOT_REAL_MEASUREMENTS,RECEIPT,64 667 010 651,Norcott General Store,"51 Goodwin Gr, Toowoomba QLD 4350",NOT_FOUND,NOT_FOUND,15/12/2023,Car Air Freshener|Toilet Paper 12pk|USB Hub 4-port|Phone Case|Printer Paper A4 500pk,3|1|3|1|1,10.38|8.35|31.03|31.13|8.64,31.14|8.35|93.09|34.24|8.64,true,15.67,172.35,NOT_FOUND,NOT_FOUND,NOT_FOUND
CASE027_receipt_hospitality.png,CASE027_receipt_hospitality.png,receipt,31.264417,12,12,70.588235,MODEL1_synthetic_demo_prompt,2026-07-28T15:16:00,100.0,12,12,17,False,SYNTHETIC_DEMO_DATA_NOT_REAL_MEASUREMENTS,RECEIPT,35 333 872 624,Dunmore Stationery Co,"240 Ray Blvd, Glenelg SA 5045",NOT_FOUND,NOT_FOUND,11/05/2024,Shampoo 400ml|Cereal Box 500g|Hand Soap Refill 1L|Olive Oil 500ml|Extension Cord 10m,2|1|3|2|3,7.09|4.52|6.88|11.15|19.58,14.18|4.52|20.64|22.30|58.74,true,10.94,120.38,NOT_FOUND,NOT_FOUND,NOT_FOUND
CASE028_receipt_thermal_57mm.png,CASE028_receipt_thermal_57mm.png,receipt,31.647249,12,12,70.588235,MODEL1_synthetic_demo_prompt,2026-07-28T15:17:00,83.333333,12,10,17,False,SYNTHETIC_DEMO_DATA_NOT_REAL_MEASUREMENTS,RECEIPT,23 731 781 080,Capital General Store,"238 Ramsey Cl, New Farm QLD 4005",NOT_FOUND,NOT_FOUND,08/01/2023,Extension Cord 10m|Yoghurt Tub 1kg|Car Vacuum Cleaner|Kitchen Sponge 6pk|Screwdriver,1|3|3|3|2,40.46|6.64|68.39|4.61|33.72,40.46|19.92|205.17|13.83|67.44,true,31.53,3468.20,NOT_FOUND,NOT_FOUND,NOT_FOUND
CASE029_receipt_retail_tax.png,CASE029_receipt_retail_tax.png,receipt,39.617028,12,12,70.588235,MODEL1_synthetic_demo_prompt,2026-07-28T15:18:00,91.666667,12,11,17,False,SYNTHETIC_DEMO_DATA_NOT_REAL_MEASUREMENTS,RECEIPT,54 132 677 360,Wakeling Liquor Merchants,"72 Hartman Ln, Subiaco WA",NOT_FOUND,NOT_FOUND,21/05/2024,USB Hub 4-port,1,15.51,15.51,true,1.41,15.51,NOT_FOUND,NOT_FOUND,NOT_FOUND
CASE030_receipt_thermal_80mm.png,CASE030_receipt_thermal_80mm.png,receipt,42.002107,12,12,70.588235,MODEL1_synthetic_demo_prompt,2026-07-28T15:19:00,91.666667,12,11,17,False,SYNTHETIC_DEMO_DATA_NOT_REAL_MEASUREMENTS,RECEIPT,94 260 647 468,Ibbotson Building Centre,"340 Ferguson Cl, Norwood SA 5067",NOT_FOUND,NOT_FOUND,02/02/2024,Panadol 24pk|Dishwashing Liquid|Chips BBQ 175g|Screwdriver Set|Wiper Blades Pair,2|2|3|2|3,6.92|5.56|5.93|29.38|22.90,13.84|11.12|17.79|58.76|68.70,true,15.47,170.21,NOT_FOUND,NOT_FOUND,NOT_FOUND
CASE031_receipt_hospitality.png,CASE031_receipt_hospitality.png,receipt,30.822092,12,12,70.588235,MODEL1_synthetic_demo_prompt,2026-07-28T15:20:00,91.666667,12,11,17,False,SYNTHETIC_DEMO_DATA_NOT_REAL_MEASUREMENTS,RECEIPT,63 723 430 980,Western Trade Supplies,"50 Cardenas Blvd, Cronulla NSW 2230",NOT_FOUND,NOT_FOUND,03/05/2023,Milk 2L,2,5.31,106.20,true,0.97,10.62,NOT_FOUND,NOT_FOUND,NOT_FOUND
CASE032_receipt_fuel.png,CASE032_receipt_fuel.png,receipt,30.589769,12,11,70.588235,MODEL1_synthetic_demo_prompt,2026-07-28T15:21:00,91.666667,12,11,17,False,SYNTHETIC_DEMO_DATA_NOT_REAL_MEASUREMENTS,RECEIPT,24 500 978 820,Norcott Motor Spares,"292 Lewis Cres, Leederville WA 6007",NOT_FOUND,NOT_FOUND,16/01/2024,Drill Bit Set|Pens Ballpoint 10pk,3|3,74.45|8.26,223.35|24.78,true,22.56,NOT_FOUND,NOT_FOUND,NOT_FOUND,NOT_FOUND
CASE033_receipt_retail_tax.png,CASE033_receipt_retail_tax.png,receipt,29.572494,12,12,70.588235,MODEL1_synthetic_demo_prompt,2026-07-28T15:22:00,100.0,12,12,17,False,SYNTHETIC_DEMO_DATA_NOT_REAL_MEASUREMENTS,RECEIPT,36 812 191 361,Riverside Automotive Supplies,"208 Delgado Tce, New Farm QLD 4005",NOT_FOUND,NOT_FOUND,29/02/2024,Cereal Box 500g|Pens Ballpoint 10pk|Printer Paper A4 500pk|HDMI Cable 2m,3|1|3|2,8.96|9.29|14.09|27.48,26.88|9.29|42.27|54.96,true,12.13,133.40,NOT_FOUND,NOT_FOUND,NOT_FOUND
CASE034_receipt_thermal_80mm.png,CASE034_receipt_thermal_80mm.png,receipt,30.981128,12,12,70.588235,MODEL1_synthetic_demo_prompt,2026-07-28T15:23:00,100.0,12,12,17,False,SYNTHETIC_DEMO_DATA_NOT_REAL_MEASUREMENTS,RECEIPT,42 939 909 169,Ashby AV & Appliances,"191 Miller Ct, Fremantle WA 6160",NOT_FOUND,NOT_FOUND,26/09/2024,Potting Mix 25L|Toilet Paper 12pk|Milk 2L|Tomato Sauce 500ml|USB Hub 4-port,1|1|1|1|3,15.97|9.61|4.65|2.80|40.47,15.97|9.61|4.65|2.80|121.41,true,14.04,154.44,NOT_FOUND,NOT_FOUND,NOT_FOUND
CASE035_receipt_thermal_57mm.png,CASE035_receipt_thermal_57mm.png,receipt,44.599651,12,12,70.588235,MODEL1_synthetic_demo_prompt,2026-07-28T15:24:00,100.0,12,12,17,False,SYNTHETIC_DEMO_DATA_NOT_REAL_MEASUREMENTS,RECEIPT,81 985 435 346,Underhill Chemist,"305 Livingston Blvd, Brunswick VIC 3056",NOT_FOUND,NOT_FOUND,04/06/2023,Extension Cord 10m|Sparkling Water 12pk|Toilet Paper 12pk|Chicken Breast 500g,2|3|3|3,38.40|10.96|9.34|13.29,76.80|32.88|28.02|39.87,true,16.14,177.57,NOT_FOUND,NOT_FOUND,NOT_FOUND
CASE036_receipt_professional.png,CASE036_receipt_professional.png,receipt,41.139624,12,12,70.588235,MODEL1_synthetic_demo_prompt,2026-07-28T15:25:00,91.666667,12,11,17,False,SYNTHETIC_DEMO_DATA_NOT_REAL_MEASUREMENTS,RECEIPT,73 247 510 799,Riverside Auto Parts,"279 Singh Cl, Fortitude Valley QLD 4006",NOT_FOUND,NOT_FOUND,28/03/2023,Olive Oil 500ml|Dishwashing Liquid|Frozen Pizza|LED Light Bulb 4pk,3|3|3|NOT_FOUND,9.33|4.97|9.86|20.39,27.99|14.91|29.58|61.17,true,12.15,133.65,NOT_FOUND,NOT_FOUND,NOT_FOUND
CASE037_receipt_professional.png,CASE037_receipt_professional.png,receipt,40.350325,12,12,70.588235,MODEL1_synthetic_demo_prompt,2026-07-28T15:26:00,100.0,12,12,17,False,SYNTHETIC_DEMO_DATA_NOT_REAL_MEASUREMENTS,RECEIPT,90 118 384 251,Yarrow Print & Office,"136 Malone Ln, Norwood SA 5067",NOT_FOUND,NOT_FOUND,24/01/2023,Potting Mix 25L|Wiper Blades Pair,3|1,15.12|30.30,45.36|30.30,true,6.88,75.66,NOT_FOUND,NOT_FOUND,NOT_FOUND
CASE038_receipt_thermal_80mm.png,CASE038_receipt_thermal_80mm.png,receipt,31.118024,12,12,70.588235,MODEL1_synthetic_demo_prompt,2026-07-28T15:27:00,91.666667,12,11,17,False,SYNTHETIC_DEMO_DATA_NOT_REAL_MEASUREMENTS,RECEIPT,96 354 278 498,Metro,"29 Snyder Blvd, Glenelg SA 5045",NOT_FOUND,NOT_FOUND,07/11/2024,Bread White 700g|Yoghurt Tub 1kg|Drill Bit Set|Car Vacuum Cleaner|Screwdriver Set,1|2|2|2|2,4.53|7.12|28.46|52.96|27.11,4.53|14.24|56.92|105.92|54.22,true,21.44,235.83,NOT_FOUND,NOT_FOUND,NOT_FOUND
CASE039_receipt_retail_tax.png,CASE039_receipt_retail_tax.png,receipt,44.285724,12,11,70.588235,MODEL1_synthetic_demo_prompt,2026-07-28T15:28:00,91.666667,12,11,17,False,SYNTHETIC_DEMO_DATA_NOT_REAL_MEASUREMENTS,NOT_FOUND,31 084 124 118,Wakeling Tyre & Auto,"307 Harrington Way, Richmond VIC 3121",NOT_FOUND,NOT_FOUND,06/02/2023,LED Light Bulb 4pk,1,22.04,22.04,true,2.00,22.04,NOT_FOUND,NOT_FOUND,NOT_FOUND
CASE040_receipt_thermal_57mm.png,CASE040_receipt_thermal_57mm.png,receipt,44.540344,12,12,70.588235,MODEL1_synthetic_demo_prompt,2026-07-28T15:29:00,100.0,12,12,17,False,SYNTHETIC_DEMO_DATA_NOT_REAL_MEASUREMENTS,RECEIPT,46 244 935 348,Harrowgate Department Store,"365 Cook Ct, Brunswick VIC 3056",NOT_FOUND,NOT_FOUND,28/04/2024,Hand Soap Refill 1L|Bread White 700g|Paint Brush Set|Garden Hose 20m|Motor Oil 5L,1|1|3|1|1,12.34|4.33|30.54|62.77|31.78,12.34|4.33|91.62|62.77|31.78,true,18.44,202.84,NOT_FOUND,NOT_FOUND,NOT_FOUND
CASE041_receipt_fuel.png,CASE041_receipt_fuel.png,receipt,30.989941,12,12,70.588235,MODEL1_synthetic_demo_prompt,2026-07-28T15:30:00,75.0,12,9,17,False,SYNTHETIC_DEMO_DATA_NOT_REAL_MEASUREMENTS,RECEIPT,14 740 164 005,Penhallow Print & Office,"235 Burton Ct, Glenelg SA 5045",NOT_FOUND,NOT_FOUND,02/11/2024,HDMI Cable 2m|Drill Bit Set|Hand Soap Refill 1L|Paint Brush Set|NOT_FOUND,3|1|3|1|1,14.40|25.03|10.59|32.12|19.59,43.20|25.03|NOT_FOUND|32.12|19.59,true,1.38,151.71,NOT_FOUND,NOT_FOUND,NOT_FOUND
CASE042_receipt_hospitality.png,CASE042_receipt_hospitality.png,receipt,27.529331,12,12,70.588235,MODEL1_synthetic_demo_prompt,2026-07-28T15:31:00,83.333333,12,10,17,False,SYNTHETIC_DEMO_DATA_NOT_REAL_MEASUREMENTS,RECEIPT,47 242 786 801,Regional Automotive Supplies,"292 Williams Pde, Brunswick VIC 3056",NOT_FOUND,NOT_FOUND,15/11/2024,Pens Ballpoint 10pk|Milk 2L|Shampoo 400ml|Yoghurt Tub 1kg,2|1|1|3,9.49|2.50|9.76|6.95,18.98|2.50|NOT_FOUND|20.85,true,4.74,52.09,NOT_FOUND,NOT_FOUND,NOT_FOUND
CASE043_receipt_thermal_57mm.png,CASE043_receipt_thermal_57mm.png,receipt,35.439659,12,11,70.588235,MODEL1_synthetic_demo_prompt,2026-07-28T15:32:00,91.666667,12,11,17,False,SYNTHETIC_DEMO_DATA_NOT_REAL_MEASUREMENTS,RECEIPT,35 128 059 826,Denholm Building Centre,NOT_FOUND,NOT_FOUND,NOT_FOUND,06/05/2023,Garden Hose 20m|Cereal Box 500g|Yoghurt Tub 1kg|Panadol 24pk|Pasta 500g|LED Light Bulb 4pk,2|1|3|2|1|3,112.69|7.27|7.36|11.27|1.58|21.25,225.38|7.27|22.08|22.54|1.58|63.75,true,31.15,342.60,NOT_FOUND,NOT_FOUND,NOT_FOUND
CASE044_receipt_hospitality.png,CASE044_receipt_hospitality.png,receipt,33.472263,12,12,70.588235,MODEL1_synthetic_demo_prompt,2026-07-28T15:33:00,100.0,12,12,17,False,SYNTHETIC_DEMO_DATA_NOT_REAL_MEASUREMENTS,RECEIPT,18 204 505 331,Ibbotson Pharmacy,"350 Tucker Pl, Toowoomba QLD 4350",NOT_FOUND,NOT_FOUND,30/06/2024,Coffee Beans 1kg,2,20.49,40.98,true,3.73,40.98,NOT_FOUND,NOT_FOUND,NOT_FOUND
CASE045_receipt_fuel.png,CASE045_receipt_fuel.png,receipt,37.216597,12,12,70.588235,MODEL1_synthetic_demo_prompt,2026-07-28T15:34:00,100.0,12,12,17,False,SYNTHETIC_DEMO_DATA_NOT_REAL_MEASUREMENTS,RECEIPT,38 586 923 226,Southern Wine & Spirits,"112 Williams St, New Farm QLD 4005",NOT_FOUND,NOT_FOUND,22/03/2023,Wine Red 750ml|Wiper Blades Pair|Tyre Pressure Gauge,2|1|2,32.06|29.46|17.22,64.12|29.46|34.44,true,11.64,128.02,NOT_FOUND,NOT_FOUND,NOT_FOUND
CASE046_receipt_retail_tax.png,CASE046_receipt_retail_tax.png,receipt,30.452569,12,12,70.588235,MODEL1_synthetic_demo_prompt,2026-07-28T15:35:00,100.0,12,12,17,False,SYNTHETIC_DEMO_DATA_NOT_REAL_MEASUREMENTS,RECEIPT,21 025 634 216,Southern Office Supplies,"274 Mendez Gr, Leederville WA 6007",NOT_FOUND,NOT_FOUND,07/03/2024,Paint Brush Set,2,19.07,38.14,true,3.47,38.14,NOT_FOUND,NOT_FOUND,NOT_FOUND
CASE047_receipt_professional.png,CASE047_receipt_professional.png,receipt,34.088727,12,11,70.588235,MODEL1_synthetic_demo_prompt,2026-07-28T15:36:00,91.666667,12,11,17,False,SYNTHETIC_DEMO_DATA_NOT_REAL_MEASUREMENTS,NOT_FOUND,62 073 375 433,Southern Retail Co,"50 Lee Rd, Norwood SA 5067",NOT_FOUND,NOT_FOUND,18/09/2023,Milk 2L|Extension Cord 10m|Chips BBQ 175g,1|3|1,3.36|27.39|3.50,3.36|82.17|3.50,true,8.09,89.03,NOT_FOUND,NOT_FOUND,NOT_FOUND
CASE048_receipt_thermal_80mm.png,CASE048_receipt_thermal_80mm.png,receipt,39.13621,12,12,70.588235,MODEL1_synthetic_demo_prompt,2026-07-28T15:37:00,91.666667,12,11,17,False,SYNTHETIC_DEMO_DATA_NOT_REAL_MEASUREMENTS,RECEIPT,88 036 541 458,Wakeling Trade Supplies,"21 Murray Blvd, Battery Point TAS 7004",NOT_FOUND,NOT_FOUND,16/08/2024,Frozen Pizza|Extension Cord 10m|Batteries AA 8pk|Cereal Box 500g|Drill Bit Set|Hand Soap Refill 1L,3|1|3|2|3,9.27|34.67|11.21|5.61|34.40|11.35,27.81|34.67|33.63|16.83|68.80|34.05,true,19.62,215.79,NOT_FOUND,NOT_FOUND,NOT_FOUND
CASE049_receipt_thermal_80mm.png,CASE049_receipt_thermal_80mm.png,receipt,31.233144,12,12,70.588235,MODEL1_synthetic_demo_prompt,2026-07-28T15:38:00,100.0,12,12,17,False,SYNTHETIC_DEMO_DATA_NOT_REAL_MEASUREMENTS,RECEIPT,40 685 014 294,Ravensdale Provisions,"13 Wells Cres, Prospect SA 5082",NOT_FOUND,NOT_FOUND,28/06/2024,Car Air Freshener,1,10.29,10.29,true,0.94,10.29,NOT_FOUND,NOT_FOUND,NOT_FOUND
CASE050_receipt_fuel.png,CASE050_receipt_fuel.png,receipt,35.23088,12,12,70.588235,MODEL1_synthetic_demo_prompt,2026-07-28T15:39:00,83.333333,12,10,17,False,SYNTHETIC_DEMO_DATA_NOT_REAL_MEASUREMENTS,RECEIPT,85 019 655 698,Northern Health Store,"198 Stafford Pl, Toowoomba QLD 4350",NOT_FOUND,NOT_FOUND,22/09/2023,Car Vacuum Cleaner|Phone Case|Wine Red,1|3|3,41.90|31.95|18.80,41.90|9.58|56.40,true,17.65,194.15,NOT_FOUND,NOT_FOUND,NOT_FOUND
CASE051_receipt_professional.png,CASE051_receipt_professional.png,receipt,35.306856,12,12,70.588235,MODEL1_synthetic_demo_prompt,2026-07-28T15:40:00,100.0,12,12,17,False,SYNTHETIC_DEMO_DATA_NOT_REAL_MEASUREMENTS,RECEIPT,46 169 340 608,Regional Foodstore,"381 Robertson Dr, Toowoomba QLD 4350",NOT_FOUND,NOT_FOUND,19/06/2024,Car Air Freshener,1,9.88,9.88,true,0.90,9.88,NOT_FOUND,NOT_FOUND,NOT_FOUND
CASE052_receipt_thermal_57mm.png,CASE052_receipt_thermal_57mm.png,receipt,27.879465,12,12,70.588235,MODEL1_synthetic_demo_prompt,2026-07-28T15:41:00,83.333333,12,10,17,False,SYNTHETIC_DEMO_DATA_NOT_REAL_MEASUREMENTS,RECEIPT,12 835 615 951,Ravensdale Trade Supplies,"54 Juarez Ave, Fortitude Valley QLD 4006",NOT_FOUND,NOT_FOUND,14/02/2023,Kitchen Sponge|Tyre Pressure Gauge|HDMI Cable 2m|Cereal Box 500g|Chicken Breast 500g|LED Light Bulb 4pk,2|1|3|1|2|2,5.02|17.75|13.57|6.40|8.37|22.41,10.04|NOT_FOUND|6.40|16.74|44.82,true,12.41,136.46,NOT_FOUND,NOT_FOUND,NOT_FOUND
CASE053_receipt_retail_tax.png,CASE053_receipt_retail_tax.png,receipt,39.943917,12,12,70.588235,MODEL1_synthetic_demo_prompt,2026-07-28T15:42:00,91.666667,12,11,17,False,SYNTHETIC_DEMO_DATA_NOT_REAL_MEASUREMENTS,RECEIPT,43 484 656 482,Southern Business Supplies,"57 King Tce, Cronulla NSW 2230",NOT_FOUND,NOT_FOUND,23/03/2024,Phone Case|Motor Oil 5L|Printer Paper A4 500pk|Screwdriver Set|LED Light Bulb 4pk|Pasta 500g,UNKNOWN|1|3|2|2|3,25.36|39.40|12.78|21.98|17.45|2.70,25.36|39.40|38.34|43.96|34.90|8.10,true,17.28,190.06,NOT_FOUND,NOT_FOUND,NOT_FOUND
CASE054_receipt_hospitality.png,CASE054_receipt_hospitality.png,receipt,36.096277,12,12,70.588235,MODEL1_synthetic_demo_prompt,2026-07-28T15:43:00,100.0,12,12,17,False,SYNTHETIC_DEMO_DATA_NOT_REAL_MEASUREMENTS,RECEIPT,93 366 299 468,National Print & Office,"323 Mora Dr, Parramatta NSW 2150",NOT_FOUND,NOT_FOUND,13/03/2024,Panadol 24pk|Paint Brush Set|Sparkling Water 12pk|Car Vacuum Cleaner|Cereal Box 500g,2|2|3|1|1,11.83|13.21|12.60|57.58|4.24,23.66|26.42|37.80|57.58|4.24,true,13.61,149.70,NOT_FOUND,NOT_FOUND,NOT_FOUND
CASE055_receipt_professional.png,CASE055_receipt_professional.png,receipt,44.024741,12,12,70.588235,MODEL1_synthetic_demo_prompt,2026-07-28T15:44:00,100.0,12,12,17,False,SYNTHETIC_DEMO_DATA_NOT_REAL_MEASUREMENTS,RECEIPT,22 044 369 957,Calloway Chemist,"23 Simon Pl, Hobart TAS 7000",NOT_FOUND,NOT_FOUND,30/10/2024,LED Light Bulb 4pk|Kitchen Sponge 6pk|Potting Mix 25L|Frozen Pizza|Beer Case 24|Yoghurt Tub 1kg,1|2|2|3|3|3,18.42|6.30|11.94|9.43|48.79|8.71,18.42|12.60|23.88|28.29|146.37|26.13,true,23.24,255.69,NOT_FOUND,NOT_FOUND,NOT_FOUND
